STN_NUM,WMO_NUM,AVIATION_ID,NAME,REGION,STATUS,EQUIP_START,EQUIP_END,LATITUDE,LONGITUDE,STN_HT,BAR_HT,AERO_HT
1006,95214,YWYM,WYNDHAM AERO,WA,OPEN,22/9/2000,,-15.51,128.1503,3.8,4.3,4.3
1007,94102,YTTI,TROUGHTON ISLAND,NT,OPEN,30/6/1991,,-13.7542,126.1485,6,8,8.2
1019,94100,YKAL,KALUMBURU,WA,OPEN,16/9/1998,,-14.2964,126.6453,23,24,29
1020,95101,YTST,TRUSCOTT,NT,OPEN,1/5/2004,,-14.09,126.3867,51,52.5,51
2012,94212,YHLC,HALLS CREEK AIRPORT,WA,OPEN,25/8/1996,,-18.2292,127.6636,422,423.9,410.3
2056,94216,YPKU,KUNUNURRA AERO,WA,OPEN,30/1/1992,,-15.7814,128.71,44,44.4,44.2
2064,94217,YARG,ARGYLE AERODROME,WA,OPEN,1/7/1988,,-16.6381,128.4517,164,165,159
3003,94203,YBRM,BROOME AIRPORT,WA,OPEN,27/7/1995,,-17.9475,122.2353,7.42,9,17.4
3032,95205,YDBY,DERBY AERO,WA,OPEN,13/12/1994,,-17.3706,123.6611,6.2,6.7,7.3
3080,94204,YCIN,CURTIN AERO,WA,OPEN,28/7/1989,,-17.5736,123.8217,77.5,78,91.4
3092,,SEWB,SOUTH EAST WATERBANK,WA,CLOSED,8/1/1996,11/8/1999,-17.8578,122.2725,41,41.5,
3093,94206,YFTZ,FITZROY CROSSING AERO,WA,OPEN,8/8/1997,,-18.1814,125.5619,114.5,115,112.2
3096,95204,WSR,WEST ROEBUCK,WA,OPEN,23/8/1999,,-17.8964,122.3122,32,,
3102,95202,BROO,BROOME NTC AWS,SA,OPEN,26/11/1991,,-18.0008,122.2183,0,1.3,
4019,94200,YMDI,MANDORA,WA,OPEN,5/6/2001,,-19.7419,120.8436,7.5,8,
4032,94312,YPPD,PORT HEDLAND AIRPORT,WA,OPEN,24/11/1994,,-20.3725,118.6317,6.4,8.4,10.1
4083,95307,YPKA,KARRATHA AERO,WA,OPEN,3/8/1993,,-20.7097,116.7742,5.3,5.8,9
4090,94308,YROE,ROEBOURNE AERO,WA,OPEN,6/6/2001,,-20.7594,117.1583,10.7,11.2,10.7
4095,94307,LEGI,LEGENDRE ISLAND,WA,OPEN,17/2/1992,,-20.3583,116.8431,29,29.5,
4100,94310,BEDO,BEDOUT ISLAND,WA,OPEN,10/6/1993,,-19.5886,119.0997,9,9.8,
4104,,,PORT HEDLAND MILOS AWS COMPARISON,WA,CLOSED,10/12/1998,1/10/2001,-20.3736,118.6297,9,,
4106,95317,MARB,MARBLE BAR,WA,OPEN,25/9/2000,,-21.1756,119.7497,182.3,182.8,
5007,94302,YPLM,LEARMONTH AIRPORT,WA,OPEN,29/8/1994,,-22.2406,114.0967,5,5.5,6
5008,94306,YMDZ,MARDIE,WA,OPEN,27/5/2000,,-21.1906,115.9797,11,12,
5017,95305,YOLW,ONSLOW AIRPORT,WA,OPEN,21/11/1997,,-21.6689,115.1092,10.5,11,7
5058,,,BARROW ISLAND,WA,CLOSED,15/5/1992,1/2/2000,-20.8206,115.3931,62,63,
5084,94303,YTHV,THEVENARD ISLAND,WA,OPEN,10/12/1989,,-21.4606,115.0197,5,6,5
5094,95304,YBWX,BARROW ISLAND AIRPORT,WA,OPEN,17/11/1998,,-20.875,115.4056,6.4,6.9,7.9
5096,,,POINT MURAT NAVY PIER,WA,OPEN,12/12/2007,,-21.8167,114.191,6.767,6.9,
6011,94300,YCAR,CARNARVON AIRPORT,WA,OPEN,22/10/1990,,-24.8878,113.67,4,8,4
6072,94318,,EMU CREEK STATION,WA,OPEN,5/12/2000,,-23.0314,115.0414,111,112,
6105,95402,YSHK,SHARK BAY AIRPORT,WA,OPEN,28/5/2000,,-25.8925,113.5772,33.8,34.3,33.8
6108,95301,,CAPE CUVIER WHARF,WA,OPEN,26/11/2008,,-24.2201,113.3975,12.436,,
7045,94430,YMEK,MEEKATHARRA AIRPORT,WA,OPEN,7/2/1991,,-26.6136,118.5372,517,519,522.1
7176,94317,YNWN,NEWMAN AERO,WA,OPEN,16/12/1996,,-23.4169,119.7989,524,524.5,525.5
7185,94316,YPBO,PARABURDOO AERO,WA,OPEN,13/12/1995,,-23.1725,117.7494,423.7,424.2,428.5
7204,,,MEEKATHARRA MILOS AWS COMPARISON,WA,CLOSED,11/12/1998,3/8/2001,-26.6131,118.5367,517,,
7600,94429,YMOG,MOUNT MAGNET AERO,WA,OPEN,4/4/1995,,-28.1156,117.8425,407,408.5,411.2
8051,95403,GEAP,GERALDTON AIRPORT COMPARISON,WA,OPEN,24/6/1990,,-28.7953,114.6975,33,35,36.9
8290,94405,ABRO,NORTH ISLAND,WA,OPEN,17/5/1990,,-28.3008,113.5936,2.2,2.7,3.7
8296,94417,YMRW,MORAWA AIRPORT,WA,OPEN,25/2/1997,,-29.2039,116.0247,271.4,271.9,270.1
8297,95629,DALW,DALWALLINU,WA,OPEN,23/4/1997,,-30.2761,116.6714,324.5,325.5,
8314,,,GERALDTON PORT AUTHORITY BEACON NO 2,WA,OPEN,12/1/2009,,-28.7631,114.5647,10.236,9.6,
8315,94403,YGEL,GERALDTON AIRPORT,WA,OPEN,11/7/2011,,-28.8047,114.6989,29.7,30.2,36.9
9021,94610,YPPH,PERTH AIRPORT,WA,OPEN,20/6/1994,,-31.9275,115.9764,15.4,20,20.4
9037,94603,BADG,BADGINGARRA RESEARCH STN,WA,OPEN,22/4/1997,,-30.3381,115.5394,275,,
9053,94612,YPEA,PEARCE RAAF,WA,OPEN,25/6/1993,,-31.6669,116.0189,40,54,45.4
9056,,,FLOREAT PARK,WA,CLOSED,1/7/2005,1/1/2006,-31.9494,115.7928,20,,
9091,95620,DOPY,INNER DOLPHIN PYLON,WA,OPEN,29/7/1999,,-31.9889,115.8311,0,,
9172,94609,YPJT,JANDAKOT AERO,WA,OPEN,31/5/1993,,-32.1011,115.8794,30,30.7,30.2
9178,95612,YGIG,GINGIN AERO,WA,OPEN,15/3/1996,,-31.4628,115.8642,73,74.5,74
9193,94602,YRTI,ROTTNEST ISLAND,WA,OPEN,6/5/1983,,-32.0069,115.5022,43.1,43.1,
9204,94615,GOOS,GOOSEBERRY HILL,WA,OPEN,1/1/1989,,-31.9414,116.0506,220,,
9214,94607,OCEA,OCEAN REEF,WA,OPEN,23/12/1985,,-31.7594,115.7278,10,,
9215,94614,SWAN,SWANBOURNE,WA,OPEN,1/11/1985,,-31.9558,115.7619,40.96,,
9224,94618,FPA,FREMANTLE PORT,WA,OPEN,5/12/1995,,-32.0544,115.7414,60,,
9225,94608,PERT,PERTH METRO,WA,OPEN,1/11/1993,,-31.9192,115.8728,24.9,25.4,
9240,95610,BICK,BICKLEY,WA,OPEN,14/10/1997,,-32.0072,116.1369,384,385,
9250,,PTHC,PERTH AIRPORT COMPARISON,WA,CLOSED,27/10/1997,9/1/2001,-31.9356,115.9639,20,,20.4
9254,,,ARMAMENT JETTY,WA,OPEN,30/6/2001,,-32.1758,115.6808,9,,
9255,,,COLPOYS POINT,WA,OPEN,30/6/2001,,-32.2272,115.6994,3,,
9256,95607,YGAD,GARDEN ISLAND HSF,WA,OPEN,30/6/2001,,-32.2433,115.6839,6,6.5,9.1
9265,95605,HILL,HILLARYS BOAT HARBOUR NTC AWS,SA,OPEN,2/12/1991,,-31.8256,115.7386,0,1.3,
9518,94601,CPLE,CAPE LEEUWIN,WA,OPEN,3/2/1993,,-34.3728,115.1358,13,14,
9519,94600,CNTE,CAPE NATURALISTE,WA,OPEN,30/11/1995,,-33.5372,115.0189,109,109.5,
9538,94620,DWEL,DWELLINGUP,WA,OPEN,10/2/1999,,-32.7103,116.0594,267,268,
9542,95638,YESP,ESPERANCE AERO,WA,OPEN,16/4/1991,,-33.6825,121.8275,142,142.5,143.3
9569,95630,BUSL,BUSSELTON,WA,CLOSED,27/8/1997,2/12/2011,-33.655,115.3194,3.9,,
9573,94617,MANJ,MANJIMUP,WA,OPEN,19/10/2000,,-34.2508,116.145,286.7,287.2,
9603,95611,YBLN,BUSSELTON AERO,WA,OPEN,1/10/1997,,-33.6858,115.4008,16.3,16.9,16.9
9617,95632,BDGN,BRIDGETOWN,WA,OPEN,24/2/1998,,-33.9486,116.1311,178.66,179,
9649,,,KEMERTON,WA,CLOSED,16/11/1994,7/8/2002,-33.1792,115.7494,,,
9741,95802,ABAP,ALBANY AIRPORT COMPARISON,WA,OPEN,17/8/1992,,-34.9414,117.8022,68,69,71
9746,95641,WCLF,WITCHCLIFFE,WA,OPEN,1/4/1999,,-34.0281,115.1042,80,81,
9789,94638,YEST,ESPERANCE,WA,OPEN,24/6/1994,,-33.83,121.8925,25,27,
9887,,,MANDURAH,WA,CLOSED,9/4/1987,25/10/2001,-32.5211,115.75,21,22,
9937,95602,BUSJ,BUSSELTON JETTY,WA,OPEN,27/8/1997,,-33.6311,115.3389,3,,
9961,95635,HPTN,HOPETOUN NORTH,WA,OPEN,7/12/1995,,-33.9306,120.1283,26,27,
9964,94631,RKG,ROCKY GULLY,WA,OPEN,28/11/1995,,-34.5714,117.0106,250,250.5,
9965,94604,BUNB,BUNBURY,WA,OPEN,24/2/1999,,-33.3567,115.6447,5.2,6.2,
9968,95617,SHAN,SHANNON,WA,OPEN,27/11/1996,,-34.5683,116.3367,210,,
9977,94605,MDU,MANDURAH,WA,OPEN,25/10/2001,,-32.5219,115.7119,3,3.5,
9994,95621,COLE,COLLIE EAST,WA,OPEN,11/12/2002,,-33.3608,116.1717,200,,
9998,95647,WALN,NORTH WALPOLE,WA,OPEN,23/10/2003,,-34.9469,116.7222,73,73.5,
9999,94802,YABA,ALBANY AIRPORT,WA,OPEN,12/10/2011,,-34.9411,117.8158,68.4,70,71
10286,95625,YCUN,CUNDERDIN AIRFIELD,WA,OPEN,31/7/1996,,-31.6219,117.2217,216.7,217.2,213.1
10692,94628,NGT,NEWDEGATE RESEARCH STATION,WA,OPEN,23/5/1996,,-33.1131,118.84,320,321,
10905,95636,JCUP,JACUP,WA,OPEN,5/8/1993,,-33.8878,119.1092,305,306,
10911,95637,LGRC,LAKE GRACE,WA,OPEN,13/6/1997,,-33.1006,118.4647,286,286.5,
10916,94641,KTNG,KATANNING,WA,OPEN,8/12/1998,,-33.6856,117.6064,320,321,
10917,95640,WAND,WANDERING,WA,OPEN,11/12/1998,,-32.6722,116.6706,275,275.5,
11003,94647,ECLT,EUCLA,WA,OPEN,25/3/1995,,-31.6797,128.8792,93.1,102.3,7
11023,95645,YCAG,CAIGUNA ASA,WA,OPEN,23/3/2012,,-32.2653,125.4894,113,114,
11052,95646,YFRT,FORREST,WA,OPEN,15/3/1993,,-30.8453,128.1092,159,160,156
11053,94644,RRP,RED ROCKS POINT,WA,OPEN,3/12/1999,,-32.2028,127.5297,3.1,3.6,
12009,95642,YNSM,NORSEMAN AERO,WA,OPEN,7/12/1999,,-32.2147,121.7547,262.5,263,262.7
12014,,,MUNGARI,WA,CLOSED,24/11/1994,7/8/2002,-30.8725,121.2569,390,,
12038,94637,YPKG,KALGOORLIE-BOULDER AIRPORT,WA,OPEN,12/8/1992,,-30.7847,121.4533,365.3,370.1,366.7
12044,95644,MUNW,MUNGLINUP WEST,WA,OPEN,7/3/2002,,-33.5547,120.6997,220,220.5,
12071,95639,SLMN,SALMON GUMS RES.STN.,WA,OPEN,18/2/1998,,-32.9869,121.6239,249,,
12241,94450,YLEO,LEONORA AERO,WA,OPEN,26/2/2007,,-28.8789,121.3186,370,370.9,370.9
12305,94449,YLTN,LAVERTON AERO,WA,OPEN,2/8/1991,,-28.6133,122.4236,464.3,464.8,464.8
12314,95448,YLST,LEINSTER AERO,WA,OPEN,27/5/1994,,-27.8386,120.7031,497,498,497
12320,95634,YSCR,SOUTHERN CROSS AIRFIELD,WA,OPEN,3/10/1996,,-31.2353,119.3564,347.4,347.9,354.6
12322,,WALT,MOUNT WALTON EAST IWDF,WA,CLOSED,8/8/1996,3/7/2001,-30.3803,120.1481,500,500.5,
13011,94457,YWBR,WARBURTON AIRFIELD,WA,OPEN,13/6/1997,,-26.1317,126.5839,459,459.5,457.3
13017,94461,YGLS,GILES METEOROLOGICAL OFFICE,SA,OPEN,1/6/1992,,-25.0341,128.301,598,599,580
13030,94319,YTEF,TELFER AERO,WA,OPEN,20/12/1995,,-21.7125,122.2281,291.9,292.5,296
14015,94120,YPDN,DARWIN AIRPORT,NT,OPEN,1/10/1990,,-12.4239,130.8925,30.4,35,31.4
14023,99501,GUNN,GUNN POINT,NT,OPEN,8/10/1997,,-12.2488,131.0453,25,,
14026,,KOOL,KOOLPINYAH AWS,NT,CLOSED,27/8/1998,9/8/2006,-12.3905,131.1753,32,,
14029,,FINN,FINNISS AWS,NT,CLOSED,14/10/1997,8/8/2006,-12.8701,130.5437,10,,
14030,,DELI,DELISSAVILLE,NT,OPEN,29/7/1997,,-12.551,130.6867,30,,
14031,99510,CHAP,CHARLES POINT AWS,NT,OPEN,15/2/1996,,-12.389,130.6309,14,,
14033,,ANNA,ANNABUROO AWS,NT,CLOSED,13/8/1996,22/4/2005,-12.9125,131.6721,20,,
14034,,HDOO,HUMPTY DOO AWS,NT,CLOSED,29/5/1996,19/6/2002,-12.6116,131.2866,18,,
14036,,WOOL,WOOLNER AWS,NT,CLOSED,24/7/1996,10/8/2006,-12.3653,131.4692,4,,
14037,,,LEE POINT AWS,NT,CLOSED,19/8/1999,,-12.3582,130.8932,24.5,25,
14040,,DWN,DARWIN AIRPORT COMPARISON,NT,CLOSED,7/8/2001,21/11/2007,-12.4227,130.8844,30,31,31.4
14041,95121,MDP,MIDDLE POINT AWS,NT,OPEN,1/8/2001,,-12.605,131.2988,14.1,15.4,
14043,,CHAN,CHANNEL ISLAND AWS,NT,CLOSED,14/3/1996,2/8/2006,-12.5557,130.8644,10,,
14044,99518,HOWA,HOWARD SPRINGS AWS,NT,CLOSED,21/9/2001,26/3/2012,-12.4862,131.0203,47,,
14045,,MARR,MARRAKAI AWS,NT,CLOSED,17/9/1996,21/5/2004,-12.6157,131.6285,2,,
14046,99504,NOON,NOONAMAH AWS,NT,OPEN,18/11/1997,,-12.6365,131.0714,30,31,
14056,94114,FIRF,FISH REEF MARINE AWS,NT,OPEN,28/10/2003,,-12.4322,130.4428,13,,
14072,95122,DARW,DARWIN NTC AWS,SA,OPEN,19/5/1990,,-12.4719,130.8458,0,1.3,
14075,,,LLWAS#2,NT,CLOSED,9/1/1995,17/7/2006,-12.4153,130.8572,31.4,,
14076,,,LLWAS#3,NT,CLOSED,9/1/1995,17/7/2006,-12.4028,130.8594,,,
14077,,,LLWAS#4,NT,CLOSED,9/1/1995,17/7/2006,-12.4072,130.8808,31.4,,
14081,,,LLWAS#5,NT,CLOSED,9/1/1995,17/7/2006,-12.4153,130.9006,31.4,,
14082,,,LLWAS#6,NT,CLOSED,9/1/1995,17/7/2006,-12.4303,130.9111,31.4,,
14085,,,LLWAS#7,NT,CLOSED,9/1/1995,17/7/2006,-12.4256,130.8914,31.4,,
14142,94119,YGPT,PIRLANGIMPI,NT,OPEN,13/1/2006,,-11.4022,130.4217,18.3,19.3,
14198,94137,YJAB,JABIRU AIRPORT,NT,OPEN,1/8/1990,,-12.6594,132.8939,26.5,28,25.6
14245,94129,YCPD,CAPE DON,NT,OPEN,8/11/1989,,-11.3081,131.7651,19,20,
14254,94127,PIST,POINT STUART AWS,NT,OPEN,9/9/1992,,-12.2397,131.8791,1,1.5,
14272,94125,YBCR,BATCHELOR AERO,NT,OPEN,13/8/1992,,-13.0545,131.0252,104,105,
14274,94135,MCLR,MCCLUER ISLAND,NT,OPEN,17/8/1993,,-11.0468,132.9791,1.4,2.4,
14277,94116,DIMI,DUM IN MIRRIE AWS,NT,OPEN,30/4/1994,,-12.635,130.3725,3.5,4.2,
14401,94139,YGBI,WARRUWI,NT,OPEN,16/3/2000,,-11.6502,133.3796,19.2,19.7,19.2
14402,,,MILINGIMBI,NT,CLOSED,1/8/1984,5/3/2003,-12.1239,134.9078,4,5,16.1
14404,94140,YMGB,MILINGIMBI AWS,NT,OPEN,6/12/2002,,-12.0931,134.8919,15,16.5,16.1
14405,95142,YMGD,MANINGRIDA AERO,NT,OPEN,6/10/2003,,-12.0569,134.2339,28.1,29.6,27.5
14406,94154,GROO,GROOTE EYLANDT NTC AWS,SA,OPEN,24/9/1993,,-13.86,136.4158,0,1.2,
14409,,,GROOTE EYLANDT ABSLMA COMPARISON,SA,OPEN,24/11/2008,,-13.86,136.4148,0,1.2,
14508,94150,YPGV,GOVE AIRPORT,NT,OPEN,10/10/1991,,-12.2741,136.8203,51.6,53.2,62.5
14517,95146,YELD,NGAYAWILI,NT,OPEN,20/10/1999,,-11.9971,135.5726,8.1,9.1,
14518,94153,YGTE,GROOTE EYLANDT AIRPORT AWS,NT,OPEN,23/10/1998,,-13.9747,136.4631,13.7,14.2,17
14626,94234,DALY,DALY WATERS AWS,NT,OPEN,26/7/2000,,-16.2636,133.3782,209.84,211.4,
14627,94143,BUL,BULMAN AWS,NT,OPEN,2/8/2002,,-13.6714,134.3414,103.4,104.7,
14703,94248,CENT,CENTRE ISLAND,NT,OPEN,8/10/1996,,-15.7426,136.8192,12.2,12.7,
14704,94239,YMHU,MCARTHUR RIVER MINE,NT,OPEN,23/5/2003,,-16.4423,136.076,40,41,39.9
14723,94152,YBRL,BORROLOOLA,NT,OPEN,7/9/1993,,-16.0757,136.3041,16.1,16.6,16
14825,94232,YVRD,VICTORIA RIVER DOWNS,NT,OPEN,29/6/1997,,-16.403,131.0145,88.5,90,88.7
14829,94231,YHOO,LAJAMANU,NT,OPEN,1/12/1998,,-18.3325,130.6358,315.6,316.6,318
14901,94128,DOUG,DOUGLAS RIVER,NT,OPEN,23/7/1996,,-13.8345,131.1872,42.8,44.2,
14909,94141,CAR,CENTRAL ARNHEM PLATEAU,NT,OPEN,23/5/2003,,-13.3275,133.0861,416,416.3,
14924,,PTKT,INJUN BEACH,NT,CLOSED,1/6/1990,24/6/1999,-14.235,129.4242,21,22,
14932,94131,YPTN,TINDAL RAAF,NT,OPEN,1/2/1990,,-14.5229,132.3826,133.6,135,135
14948,95111,YPKT,PORT KEATS AERO,NT,OPEN,28/11/1996,,-14.2495,129.5282,28,29,27.7
14949,94225,YDWF,DELAMERE WEAPONS RANGE,NT,OPEN,6/3/1997,,-15.7442,131.9182,221,221.5,221
14954,94130,BRAD,BRADSHAW,NT,OPEN,29/5/1998,,-14.9408,130.8092,75,76,
15135,94238,YTNK,TENNANT CREEK AIRPORT,NT,OPEN,1/7/1990,,-19.6423,134.1833,375.7,377.1,376.7
15590,94326,YBAS,ALICE SPRINGS AIRPORT,NT,OPEN,21/3/1991,,-23.7951,133.889,546,547,545.3
15602,94327,YJVS,JERVOIS,NT,OPEN,15/5/1998,,-22.9494,136.1442,328,329,330.7
15635,94462,YAYE,YULARA AERO,NT,OPEN,18/8/1988,,-25.1896,130.9737,492,492.5,495.6
15643,94328,TGFM,TERRITORY GRAPE FARM,NT,OPEN,9/9/1997,,-22.4518,133.6377,565.6,567,
15664,94321,YKNT,WALUNGURRU,NT,OPEN,22/9/2001,,-23.2656,129.3844,454.3,455.3,454.4
15666,95322,YRBT,RABBIT FLAT,NT,OPEN,27/5/1997,,-20.1824,130.0148,340,339,
16001,94659,YPWR,WOOMERA AERODROME,SA,OPEN,20/6/1991,,-31.1558,136.8054,166.6,168.5,167
16090,95458,YCBP,COOBER PEDY AIRPORT,SA,OPEN,23/6/1994,,-29.0347,134.7222,225,226,225.5
16092,,PTAU,PORT AUGUSTA ARID LANDS,SA,CLOSED,19/10/1994,5/6/2001,-32.4783,137.7386,18.5,19,
16096,95658,YOLD,OLYMPIC DAM AERODROME,SA,OPEN,14/11/1997,,-30.4829,136.8772,98.5,99.7,104.5
16097,94474,YERN,PUKATJA,SA,OPEN,15/7/1997,,-26.2635,132.1771,703.2,703.5,706.8
16098,94655,YTAR,TARCOOLA AERO,SA,OPEN,30/9/1997,,-30.7051,134.5786,123,123.6,125
17043,94476,YOOD,OODNADATTA AIRPORT,SA,OPEN,3/11/1994,,-27.5553,135.4456,116.5,117,117.7
17110,94674,YLEC,LEIGH CREEK AIRPORT,SA,OPEN,15/7/1992,,-30.5963,138.4219,258.8,259.3,260.9
17123,95481,YOOM,MOOMBA AIRPORT,SA,OPEN,10/4/1995,,-28.0997,140.1956,37.8,38.4,43.6
17126,95480,YMRE,MARREE AERO,SA,OPEN,2/7/1998,,-29.6587,138.0684,50,50.6,50
18012,94653,YCDU,CEDUNA AMO,SA,OPEN,1/7/1990,,-32.1297,133.6976,15.3,15.7,23.5
18083,95654,YWUD,WUDINNA AERO,SA,OPEN,20/4/1999,,-33.043,135.4519,86.4,86.9,89.9
18106,94651,NULA,NULLARBOR,SA,OPEN,1/4/1991,,-31.4492,130.8976,64,65,
18115,94804,NPI,NEPTUNE ISLAND,SA,OPEN,15/8/1995,,-35.3365,136.1174,32,32,
18116,94662,YCEE,CLEVE AERODROME,SA,OPEN,11/6/1996,,-33.7081,136.5026,175,176,179.5
18120,95664,YWHA,WHYALLA AERO,SA,OPEN,2/3/1992,,-33.0539,137.5205,6.5,7.2,12.5
18191,94658,CLPT,COLES POINT,SA,OPEN,27/3/1991,,-34.3749,135.3741,28,28.6,
18192,95661,YPLC,PORT LINCOLN AWS,SA,OPEN,2/4/1992,,-34.5993,135.8784,8.5,8.5,11
18195,95662,MINN,MINNIPA PIRSA,SA,OPEN,11/6/1996,,-32.8427,135.1515,165,166,
18200,95653,THEV,THEVENARD WIND,SA,OPEN,20/4/1999,,-32.1803,133.6343,8.845,,
18201,95666,YPAG,PORT AUGUSTA AERO,SA,OPEN,8/6/2001,,-32.5089,137.714,14,14.4,17.1
18207,95652,,THEVENARD NTC AWS,SA,OPEN,8/2/2006,,-32.149,133.6416,5,1.1,
18217,95663,YCMM,CUMMINS AERO,SA,OPEN,28/6/2007,,-34.2524,135.7135,60.11,60.6,60.1
18220,,,THEVENARD ABSLMA COMPARISION,SA,OPEN,17/2/2009,,-32.149,133.6406,5,1.1,
20062,94684,YYUN,YUNTA AIRSTRIP,SA,OPEN,12/6/1998,,-32.5707,139.5645,300,300.5,300
21131,95667,CLAR,CLARE HIGH SCHOOL,SA,OPEN,24/9/1993,,-33.8226,138.5933,395,396,
21133,95670,SNTN,RAYVILLE PARK,SA,OPEN,2/4/1998,,-33.7676,138.2182,109.1,109.2,
22031,95659,YMIN,MINLATON AERO,SA,OPEN,16/2/2001,,-34.748,137.5276,32,32.5,34.1
22046,94809,YEDB,EDITHBURGH,SA,OPEN,6/7/1984,,-35.1121,137.7395,6,7,
22049,95806,STHB,STENHOUSE BAY,SA,OPEN,20/11/1995,,-35.2795,136.9392,42,44,
22050,94685,YKDI,KADINA AWS,SA,OPEN,17/6/2005,,-33.9703,137.6628,41.14,41.6,42.1
22053,94666,WARB,WARBURTO POINT,SA,OPEN,10/7/2003,,-34.0041,137.528,1,,
22803,94822,YCWB,CAPE WILLOUGHBY,SA,OPEN,24/6/1995,,-35.8426,138.1327,55,56,
22823,95805,YCBO,CAPE BORDA,SA,OPEN,15/7/2002,,-35.7549,136.5959,158,158.3,
22841,95807,YKSC,KINGSCOTE AERO,SA,OPEN,11/12/1993,,-35.7114,137.5231,6.23,6.7,7.8
22843,94807,YPDA,PARNDANA CFS AWS,SA,OPEN,6/9/2011,,-35.7917,137.2487,165,,
23013,95677,YPPF,PARAFIELD AIRPORT,SA,OPEN,22/7/1992,,-34.7977,138.6281,9.5,10.3,17.4
23020,,,ROSEWORTHY AGRIC COLLEGE,SA,CLOSED,1/1/1992,13/8/1997,-34.5267,138.6883,68,,
23034,94672,YPAD,ADELAIDE AIRPORT,SA,OPEN,21/10/1988,,-34.9524,138.5204,2,8.2,6.1
23046,,ADAP,ADELAIDE AIRPORT OLD SITE,SA,CLOSED,26/6/2001,1/2/2005,-34.9566,138.5356,6,4,6.1
23052,95675,OHBP,BLACK POLE,SA,OPEN,5/2/2001,,-34.7343,138.4654,8,,
23083,95676,YPED,EDINBURGH RAAF,SA,OPEN,4/5/1993,,-34.7111,138.6222,16.54,17.1,20.4
23090,94675,ADRO,KENT TOWN,SA,OPEN,26/10/1992,,-34.9211,138.6216,48,51,
23109,99672,ADW2,ADELAIDE AIRPORT (ANEMOMETER SOUTH WEST),SA,OPEN,6/2/1995,,-34.9573,138.5152,3,,6.1
23122,95671,ROSE,ROSEWORTHY AWS,SA,OPEN,15/7/1997,,-34.5106,138.6763,65,65.5,
23123,99673,ADW4,ADELAIDE AIRPORT (ANEMOMETER NORTHEAST),SA,OPEN,6/2/1995,,-34.9382,138.5435,5,,6.1
23124,99674,ADW3,ADELAIDE AIRPORT (ANEMOMETER NORTHWEST,SA,OPEN,6/2/1995,,-34.9435,138.5232,2,,6.1
23373,94681,NURI,NURIOOTPA VITICULTURAL,SA,OPEN,28/8/1996,,-34.4761,139.0056,275,276,
23842,95678,LOFT,MOUNT LOFTY,SA,OPEN,1/2/1985,,-34.9784,138.7088,685,,
23875,94811,SECV,SECOND VALLEY FOREST AWS,SA,OPEN,9/3/1994,,-35.5695,138.2864,341,342,
23878,94678,CRAW,MT CRAWFORD AWS,SA,OPEN,19/4/1994,,-34.7253,138.9273,525,525.5,
23885,94808,NRLG,NOARLUNGA,SA,OPEN,13/7/2000,,-35.1586,138.5057,55,,
23886,95679,SELL,MOUNT TERRIBLE RADAR,SA,OPEN,21/2/1997,,-35.3294,138.5019,385.7,,
23887,94683,KUIT,KUITPO FOREST RESERVE,SA,OPEN,6/3/1998,,-35.1712,138.6783,365,365.5,
23894,94677,HMIS,HINDMARSH ISLAND AWS,SA,OPEN,24/1/2003,,-35.5194,138.8177,11,11.5,
23899,,,PORT STANVAC NTC AWS,SA,CLOSED,17/2/2006,1/12/2010,-35.1085,138.4671,0,,
24024,94682,LOXT,LOXTON RESEARCH CENTRE,SA,OPEN,23/12/1996,,-34.439,140.5978,30.1,30.4,
24048,95687,YREN,RENMARK AERO,SA,OPEN,26/6/1995,,-34.1983,140.6766,31.5,32,35
24580,94814,SRC,STRATHALBYN RACECOURSE,SA,OPEN,1/3/1996,,-35.2836,138.8934,58,58.5,
24584,95818,YMBD,PALLAMANA AERODROME,SA,OPEN,13/2/2006,,-35.065,139.2273,45,45.5,54.8
25557,95815,KETH,MUNKORA,SA,OPEN,26/6/2001,,-36.1058,140.3273,27,27.5,
25562,94690,LAMR,AUSTIN PLAINS,SA,OPEN,23/6/2004,,-35.3778,140.5378,110.08,110.8,
26021,94821,YMTG,MOUNT GAMBIER AERO,SA,OPEN,5/7/1993,,-37.7473,140.7739,63,69,64.6
26091,94817,COOW,COONAWARRA,SA,OPEN,14/3/1997,,-37.2906,140.8254,57,57.5,
26095,94813,JAFA,THE LIMESTONE,SA,OPEN,27/3/1991,,-36.9655,139.7164,17,18,
26099,94820,YNRC,NARACOORTE AERODROME,SA,OPEN,3/6/1998,,-36.9813,140.727,49.72,50.3,50
26100,95823,PDTH,PADTHAWAY SOUTH,SA,OPEN,15/2/2000,,-36.6539,140.5212,37,,
26105,95816,YRBE,ROBE AIRFIELD,SA,OPEN,2/7/2003,,-37.1776,139.8054,3,3.5,
27045,94170,YBWP,WEIPA AERO,QLD,OPEN,1/12/1992,,-12.6778,141.9208,17.96,19,19.2
27054,94182,YCCT,COCONUT ISLAND,QLD,OPEN,1/7/1988,,-10.0511,143.0686,3.5,4,
27058,94174,YHID,HORN ISLAND,QLD,OPEN,10/1/1995,,-10.5844,142.29,4,5,4.9
27073,94183,YCOE,COEN AIRPORT,QLD,OPEN,4/6/2002,,-13.7606,143.1183,159.3,160.1,162.2
27075,94171,YBSG,SCHERGER RAAF,QLD,OPEN,10/12/2005,,-12.6167,142.0869,39.341,40.1,40.4
28004,94276,YPVI,PALMERVILLE,QLD,OPEN,12/7/2001,,-16.0008,144.0758,203.8,204.7,
28008,94186,YLHR,LOCKHART RIVER AIRPORT,QLD,OPEN,15/6/2001,,-12.785,143.3047,18.5,17.8,23.5
29038,94268,YKOW,KOWANYAMA AIRPORT,QLD,OPEN,10/6/1999,,-15.4818,141.7483,9.6,10.8,10.7
29039,94256,YMTI,MORNINGTON ISLAND,QLD,OPEN,13/6/1991,,-16.664,139.1837,8.5,8.8,10.1
29058,94337,YJLC,JULIA CREEK AIRPORT,QLD,OPEN,30/8/2001,,-20.6672,141.7214,122.5,123.4,123.1
29063,94266,YNTN,NORMANTON AIRPORT,QLD,OPEN,10/4/2001,,-17.6872,141.0733,18.418,18.9,22.3
29077,94260,YBKT,BURKETOWN AIRPORT,QLD,OPEN,10/10/2001,,-17.7483,139.5356,5.699,6.4,6.4
29127,94332,YBMA,MOUNT ISA AERO,QLD,OPEN,20/9/1996,,-20.6778,139.4875,340.3,340.9,341.7
29141,94335,YCCY,CLONCURRY AIRPORT,QLD,OPEN,22/3/2001,,-20.6664,140.505,186,186.8,187.8
29167,94261,YCNY,CENTURY MINE,QLD,OPEN,4/4/2003,,-18.7569,138.7056,126.8,127,
30022,94343,YHUG,HUGHENDEN AIRPORT,QLD,OPEN,21/2/2001,,-20.8192,144.2333,316.4,317.3,317.9
30124,94274,YGTN,GEORGETOWN AIRPORT,QLD,OPEN,31/5/2004,,-18.3039,143.5306,301.77,302.5,303
30161,94341,YRMD,RICHMOND AIRPORT,QLD,OPEN,19/2/1998,,-20.7017,143.1167,206.3,207,206
31011,94287,YBCS,CAIRNS AERO,QLD,OPEN,8/12/1992,,-16.8736,145.7458,2.22,8.3,3
31037,94285,LWI,LOW ISLES LIGHTHOUSE,QLD,OPEN,20/3/1998,,-16.3842,145.5592,2.9,3.9,
31192,,,GREEN ISLAND,QLD,CLOSED,1/10/1992,16/6/2010,-16.7614,145.9719,3,3,
31209,95283,YCKN,COOKTOWN AIRPORT,QLD,OPEN,16/6/2000,,-15.4461,145.1861,4.8,5.7,7.9
31210,95286,YMBA,MAREEBA AIRPORT,QLD,OPEN,9/6/2000,,-17.0672,145.4283,471.934,473.1,475.5
31213,94188,YCFL,CAPE FLATTERY,QLD,OPEN,18/6/2003,,-14.9672,145.3106,18.5,19.3,
32037,95292,SJTN,SOUTH JOHNSTONE EXP STN,QLD,OPEN,13/10/1999,,-17.6053,145.9972,18.3,18.6,
32040,94294,YBTL,TOWNSVILLE AERO,QLD,OPEN,8/12/1994,,-19.2483,146.7661,4.34,9.1,5.5
32141,94295,YLDA,LUCINDA POINT,QLD,CLOSED,1/6/1980,,-18.5203,146.3861,10,10,
32182,94297,CAPE,CAPE FERGUSON NTC AWS,SA,OPEN,12/9/1991,,-19.2774,147.0586,0,6.8,
33002,95295,AYR,AYR DPI RESEARCH STN,QLD,OPEN,9/10/1998,,-19.6169,147.3758,17,,
33045,95367,YBMK,MACKAY AERO,QLD,OPEN,28/9/1995,,-21.1706,149.1794,4.7,5,5.8
33106,94368,YBHM,HAMILTON ISLAND AIRPORT,QLD,OPEN,15/3/2002,,-20.3658,148.9536,58.66,59.4,4.6
33119,94367,MKY,MACKAY M.O,QLD,OPEN,18/10/1995,,-21.1172,149.2169,30.264,36.3,
33195,95370,YWIS,WILLIAMSON,QLD,OPEN,31/5/2005,,-22.4703,150.1786,27.6,28.1,27.6
33208,95298,ROSS,ROSSLYN BAY NTC AWS,SA,OPEN,19/6/1992,,-23.161,150.7901,0,2.6,
33210,95369,STLW,ST LAWRENCE,QLD,OPEN,9/8/2004,,-22.3472,149.5242,9.19,9.9,
33247,94365,YBPN,PROSERPINE AIRPORT,QLD,OPEN,22/3/1996,,-20.4925,148.555,19.7,20.3,21
33294,94373,YPN,YEPPOON THE ESPLANADE,QLD,OPEN,22/11/1993,,-23.1364,150.7506,5.5,5.8,
33295,95296,ALVA,ALVA BEACH,QLD,OPEN,5/2/1997,,-19.4569,147.4833,7.5,7.8,
33298,,DWD,DOTSWOOD,QLD,CLOSED,22/1/1996,20/5/2005,-19.6264,146.2939,292.5,293.1,
33307,95293,WOS,WOOLSHED,QLD,OPEN,4/2/1998,,-19.4167,146.5364,556.04,556.5,
33308,94370,YSMH,SAMUEL HILL AERO,QLD,OPEN,3/11/2000,,-22.7433,150.6578,31,31.5,32
33317,99367,HAYP,HAY POINT,QLD,OPEN,4/11/2005,,-21.2894,149.3008,7,,
34035,94397,YMRB,MORANBAH AIRPORT,QLD,OPEN,26/2/2012,,-22.0644,148.0761,232.2,232.9,234.7
35124,94395,YCMT,CLERMONT AIRPORT,QLD,OPEN,14/4/2010,,-22.7756,147.6217,270.273,270.9,271.8
35129,94396,YRLL,ROLLESTON AIRPORT,QLD,OPEN,27/5/2010,,-24.4617,148.6264,219.45,220.2,223
35139,94399,LOCH,LOCHINGTON,QLD,OPEN,21/10/2010,,-23.9424,147.525,267.19,267.9,
35264,94363,YEML,EMERALD AIRPORT,QLD,OPEN,15/10/1998,,-23.5694,148.1756,189.4,190.1,190.2
36031,94346,YLRE,LONGREACH AERO,QLD,OPEN,31/5/1996,,-23.4372,144.2769,192.2,192.5,191.1
36034,95351,YBCK,BLACKALL AIRPORT,QLD,OPEN,8/3/2001,,-24.4303,145.4306,281.3,282,282.9
37010,94255,CMWL,CAMOOWEAL TOWNSHIP,QLD,OPEN,11/11/1997,,-19.9225,138.1214,231.2,231.5,
37034,94336,YTMO,THE MONUMENT AIRPORT,QLD,OPEN,9/12/2000,,-21.8125,139.9267,288.4,289.1,280
37036,94338,YTEE,TREPELL AIRPORT,QLD,OPEN,21/8/2001,,-21.84,140.8925,266.2,267.1,271.2
37039,94342,YWTN,WINTON AIRPORT,QLD,OPEN,17/10/2002,,-22.3617,143.0836,192.2,193.2,194.5
38026,95482,YBDV,BIRDSVILLE AIRPORT,QLD,OPEN,27/6/2000,,-25.8975,139.3472,46.6,47,46.6
39059,94388,LTT,LADY ELLIOT ISLAND,QLD,OPEN,3/12/1996,,-24.1116,152.7161,3.6,4.2,3.6
39066,95543,YGAY,GAYNDAH AIRPORT,QLD,OPEN,24/1/2003,,-25.6167,151.6156,110.9,111.6,112.5
39083,94374,YBRK,ROCKHAMPTON AERO,QLD,OPEN,1/4/1993,,-23.3753,150.4775,10.4,15.1,10.4
39089,94376,YTNG,THANGOOL AIRPORT,QLD,OPEN,1/10/2009,,-24.4935,150.5709,193.1,193.8,196.3
39122,94386,YHRN,HERON ISLAND RES STN,QLD,OPEN,6/11/1998,,-23.4422,151.9131,3.3,5.7,
39123,94380,GLAX,GLADSTONE RADAR,QLD,OPEN,1/7/1991,,-23.8553,151.2628,74.5,75.2,
39128,94387,YBUD,BUNDABERG AERO,QLD,OPEN,19/12/1997,,-24.9069,152.323,30.82,31.5,32.6
39304,,,HERON ISLAND,QLD,CLOSED,1/6/1980,5/11/1998,-23.4483,151.9178,8,8,
39322,94378,RUIS,RUNDLE ISLAND,QLD,OPEN,13/10/1994,,-23.5293,151.2763,19.8,20.4,
39326,94381,YGLA,GLADSTONE AIRPORT,QLD,OPEN,22/10/1993,,-23.8697,151.2214,16.6,16.9,19.5
40004,94568,YAMB,AMBERLEY AMO,QLD,OPEN,3/7/1997,,-27.6297,152.7111,24.2,24.9,27.7
40043,94594,CPMN,CAPE MORETON LIGHTHOUSE,QLD,OPEN,3/8/1995,,-27.0314,153.4661,99.9,100.8,
40068,94584,YDLP,DOUBLE ISLAND POINT LIGHTHOUSE,QLD,OPEN,19/6/1995,,-25.9319,153.1906,95.64,95.7,
40082,94562,YGAT,UNIVERSITY OF QUEENSLAND GATTON,QLD,OPEN,5/7/2002,,-27.5436,152.3375,89,,
40093,94566,GYM,GYMPIE,QLD,OPEN,6/4/2000,,-26.1831,152.6414,64.5,65,
40126,94567,YMYB,MARYBOROUGH,QLD,OPEN,13/12/2007,,-25.5161,152.7156,10.277,10.8,6.1
40211,94575,YBAF,ARCHERFIELD AIRPORT,QLD,OPEN,14/2/1992,,-27.5717,153.0078,12.5,13,19.2
40223,,,BRISBANE AERO,QLD,CLOSED,1/12/1987,14/2/2000,-27.4178,153.1142,4,5,4
40282,,,NAMBOUR DPI,QLD,CLOSED,20/6/1996,17/12/2007,-26.6431,152.9392,32.5,33.1,
40284,95566,BEER,BEERBURRUM FOREST STATION,QLD,OPEN,15/3/1999,,-26.9586,152.9619,48,,
40405,95565,YHBA,HERVEY BAY AIRPORT,QLD,OPEN,10/3/1999,,-25.322,152.8817,12.98,13,18.3
40555,94558,TLRA,TOOLARA (KELLY),QLD,OPEN,21/10/1997,,-25.9713,152.8609,143,,
40651,94557,JMNA,JIMNA FORESTRY,QLD,OPEN,18/11/1999,,-26.6644,152.4606,523,,
40717,94592,YBCG,COOLANGATTA,QLD,OPEN,15/1/1993,,-28.1681,153.5053,4,4.7,6.4
40764,94580,GOLD,GOLD COAST SEAWAY,QLD,OPEN,1/8/1990,,-27.939,153.4283,2.98,4.2,
40842,94578,YBBN,BRISBANE AERO,QLD,OPEN,10/12/1992,,-27.3917,153.1292,4.51,9.5,4
40861,94569,YBSU,SUNSHINE COAST AIRPORT,QLD,OPEN,17/6/1994,,-26.6006,153.0903,3.3,4,3.3
40908,94570,TEW,TEWANTIN RSL PARK,QLD,OPEN,19/12/1995,,-26.3911,153.0403,6.4,7.5,
40913,94576,BRIS,BRISBANE,QLD,OPEN,2/12/1999,,-27.4808,153.0389,8.13,8.3,
40922,94549,YKRY,KINGAROY AIRPORT,QLD,OPEN,19/1/2001,,-26.5737,151.8398,433.671,434.5,454.8
40925,94591,MBPS,BANANA BANK NORTH BEACON,QLD,OPEN,23/8/2002,,-27.5327,153.3333,7,,
40926,94590,MBPC,INNER RECIPROCAL MARKER,QLD,OPEN,24/7/2002,,-27.2637,153.2417,20,,
40927,94581,MBPN,SPITFIRE CHANNEL BEACON,QLD,OPEN,24/7/2002,,-27.0481,153.2664,7,,
40958,95591,REDC,REDCLIFFE,QLD,OPEN,2/2/2004,,-27.2169,153.0922,12.6,13.1,
40959,95592,REDJ,REDCLIFFE JETTY,QLD,OPEN,2/2/2004,,-27.2261,153.1172,3.55,,
40983,95575,BEAU,BEAUDESERT DRUMLEY STREET,QLD,OPEN,13/8/2007,,-27.9707,152.9898,47.81,48.4,
40987,,,GOLD COAST SAND BYPASS JETTY,QLD,OPEN,10/6/2009,,-27.9387,153.4326,,,
40988,95572,NAM,NAMBOUR DPI - HILLSIDE,QLD,OPEN,18/12/2007,,-26.6442,152.9383,53.24,54,
41097,95573,IGWD,INGLEWOOD FOREST,QLD,OPEN,10/2/2000,,-28.3429,150.9363,379,,
41175,94553,APPL,APPLETHORPE,QLD,OPEN,6/3/1997,,-28.6217,151.9533,871.6,872.6,
41359,94552,YBOK,OAKEY AERO,QLD,OPEN,5/12/1996,,-27.4034,151.7413,405.69,407.1,405.4
41522,94542,YDAY,DALBY AIRPORT,QLD,OPEN,23/6/2006,,-27.1605,151.2634,343.9,344.4,346.6
41525,94555,WCK,WARWICK,QLD,OPEN,31/1/1994,,-28.2061,152.1003,475.4,475.8,
41529,95551,YTWB,TOOWOOMBA AIRPORT,QLD,OPEN,28/6/1996,,-27.5425,151.9134,640.9,641.5,635.8
42112,95529,MILE,MILES CONSTANCE STREET,QLD,OPEN,10/7/1997,,-26.6569,150.1819,304.8,305.2,
43091,94515,YROM,ROMA AIRPORT,QLD,OPEN,28/2/1997,,-26.5474,148.7716,307.38,307.8,314.6
43109,94517,YSGE,ST GEORGE AIRPORT,QLD,OPEN,1/5/1997,,-28.0489,148.5942,198.5,199.1,199.5
44021,94510,YBCV,CHARLEVILLE AERO,QLD,OPEN,23/8/1990,,-26.4139,146.2558,301.6,303.3,305.7
44221,,,CHARLEVILLE AERO COMPARISON,QLD,CLOSED,30/10/2003,9/3/2006,-26.4147,146.2608,302.6,,
45009,95487,YLLE,BALLERA GAS FIELD,QLD,OPEN,10/8/2002,,-27.4008,141.8114,114.5,115.2,117.3
45025,95492,YTGM,THARGOMINDAH AIRPORT,QLD,OPEN,21/7/1999,,-27.9867,143.815,130.886,131.4,132
46012,95695,YWCA,WILCANNIA AERODROME AWS,NSW,OPEN,19/1/2000,,-31.5194,143.385,94.3,94.9,95
46126,95485,YTIB,TIBOOBURRA AIRPORT,NSW,OPEN,22/9/1997,,-29.4448,142.0567,176.4,177.1,178
46128,94686,FOWG,FOWLERS GAP AWS,NSW,OPEN,23/10/2004,,-31.0867,141.7017,181,181.5,
46129,95699,YWHC,WHITE CLIFFS AWS,NSW,OPEN,24/6/2005,,-30.8517,143.0742,158,158.5,161.5
47048,94691,YBHI,BROKEN HILL AIRPORT AWS,NSW,OPEN,1/1/1990,,-32.0012,141.4694,281.3,281.7,292
48027,94711,YCBT,COBAR MO,NSW,OPEN,1/5/1997,,-31.484,145.8294,260,263.6,
48237,94710,YCBA,COBAR AIRPORT AWS,NSW,OPEN,15/6/1993,,-31.5388,145.7964,218,218,220.7
48244,,CBTX,COBAR COMPARISON,NSW,CLOSED,1/11/1997,20/5/2000,-31.4861,145.8281,260,260.5,
48245,94703,YBKE,BOURKE AIRPORT AWS,NSW,OPEN,3/12/1998,,-30.0362,145.9521,107.3,107.8,107.3
49000,95697,YIVO,IVANHOE AERODROME AWS,NSW,OPEN,2/2/2000,,-32.8831,144.3088,100,100.5,100.6
50017,95709,YWWL,WEST WYALONG AIRPORT AWS,NSW,OPEN,8/4/1999,,-33.9382,147.1962,257,257.5,261.8
50137,95708,YCDO,CONDOBOLIN AIRPORT AWS,NSW,OPEN,21/5/1993,,-33.0682,147.2133,192.6,193.5,199
51049,95710,TARS,TRANGIE RESEARCH STATION AWS,NSW,OPEN,8/10/1997,,-31.9861,147.9489,215,215.7,
51161,95718,YCNM,COONAMBLE AIRPORT AWS,NSW,OPEN,17/9/1997,,-30.9776,148.3798,181.3,182,184.2
52088,95715,YWLG,WALGETT AIRPORT AWS,NSW,OPEN,21/5/1997,,-30.0372,148.1223,133,134,133.8
53115,95527,YMOR,MOREE AERO,NSW,OPEN,10/4/1995,,-29.4898,149.8471,213,218.5,213.7
54038,95734,YNBR,NARRABRI AIRPORT AWS,NSW,OPEN,12/7/2001,,-30.3154,149.8302,229.02,229.6,240
55202,95740,YGDH,GUNNEDAH AIRPORT AWS,NSW,OPEN,14/9/2001,,-30.9537,150.2494,262.57,263.2,263
55325,95762,YSTW,TAMWORTH AIRPORT AWS,NSW,OPEN,31/1/1992,,-31.0742,150.8362,394.9,395.9,406.6
56018,94541,INVL,INVERELL RESEARCH CENTRE,NSW,OPEN,12/12/2002,,-29.7752,151.0819,664,664.3,
56238,95773,YARM,ARMIDALE AIRPORT AWS,NSW,OPEN,1/10/1992,,-30.5273,151.6158,1079,1079.6,1084
56243,94588,YGLI,GLEN INNES AIRPORT AWS,NSW,OPEN,17/10/1996,,-29.678,151.694,1044.3,1044.9,1046
58012,94589,AYAM,YAMBA PILOT STATION,NSW,OPEN,20/9/2007,,-29.4333,153.3633,27.4,27.9,
58077,95571,GFN,GRAFTON RESEARCH STN,NSW,OPEN,28/8/2002,,-29.6224,152.9605,25,25.6,
58161,95570,YGFN,GRAFTON AIRPORT AWS,NSW,OPEN,6/4/2006,,-29.7583,153.0297,25.09,25.7,33.5
58198,94596,YBNA,BALLINA AIRPORT AWS,NSW,OPEN,3/7/1995,,-28.8353,153.5585,1.3,2.2,2.1
58208,94573,YCAS,CASINO AIRPORT AWS,NSW,OPEN,8/12/1994,,-28.8775,153.052,20.9,21.7,26
58212,94598,EVHD,EVANS HEAD RAAF BOMBING RANGE AWS,NSW,OPEN,19/2/1998,,-29.183,153.3964,62.5,63,
58214,94572,YLIS,LISMORE AIRPORT AWS,NSW,OPEN,21/2/2002,,-28.8305,153.2601,9.206,9.3,9.8
58216,94599,CPBX,CAPE BYRON AWS,NSW,OPEN,1/1/1994,,-28.6399,153.6358,95,98,
59007,94785,YKMP,KEMPSEY AIRPORT AWS,NSW,OPEN,15/2/2001,,-31.0711,152.7717,13,14,16.5
59040,94791,YCFS,COFFS HARBOUR MO,NSW,OPEN,31/1/1995,,-30.3107,153.1187,5,6,5.5
60139,94786,YPMQ,PORT MACQUARIE AIRPORT AWS,NSW,OPEN,6/5/1995,,-31.4336,152.8655,4.2,4.9,3.7
60141,95784,YTRE,TAREE AIRPORT AWS,NSW,OPEN,19/6/1997,,-31.8896,152.512,8,9,11.6
61055,94774,NBB,NEWCASTLE NOBBYS SIGNAL STATION AWS,NSW,OPEN,12/10/2001,,-32.9184,151.7985,33,,
61078,94776,YWLM,WILLIAMTOWN RAAF,NSW,OPEN,7/7/1999,,-32.7932,151.8359,9,8,9.5
61087,94777,NARA,GOSFORD (NARARA RESEARCH STATION) AWS,NSW,OPEN,16/12/1998,,-33.3949,151.3289,20,,
61250,94775,TOC,TOCAL AWS,NSW,OPEN,12/7/2002,,-32.6296,151.5919,30,,
61260,95771,YCNK,CESSNOCK AIRPORT AWS,NSW,OPEN,28/6/1994,,-32.7886,151.3377,61,61.7,64.3
61287,95754,MERW,MERRIWA (ROSCOMMON),NSW,OPEN,26/7/2007,,-32.1852,150.1737,375,375.5,
61363,95758,YSCO,SCONE AIRPORT AWS,NSW,OPEN,1/11/1988,,-32.0335,150.8264,221.4,221.9,227
61366,95770,NRH,NORAH HEAD AWS,NSW,OPEN,31/1/1995,,-33.2815,151.5766,18.8,19.6,
61375,95774,MGMT,MANGROVE MOUNTAIN AWS,NSW,OPEN,24/6/1994,,-33.2894,151.2107,305,,
61379,,WILL,WILLIAMTOWN COMPARISON AWS,NSW,CLOSED,30/6/1995,13/8/1999,-32.8081,151.8419,4.9,5.7,9.5
61392,95747,MUI,MURRURUNDI GAP AWS,NSW,OPEN,5/6/2003,,-31.7416,150.7937,729.4,730,
61407,,,WILLIAMTOWN COMPARISON,NSW,CLOSED,17/2/2005,26/5/2006,-32.7939,151.8386,9,,9.5
61412,95767,LMAQ,LAKE MACQUARIE AWS,NSW,OPEN,22/7/2008,,-33.0887,151.4636,6,6.5,
62100,94754,NULO,NULLO MOUNTAIN AWS,NSW,OPEN,1/11/1988,,-32.7244,150.229,1130,,
62101,94727,YMDG,MUDGEE AIRPORT AWS,NSW,OPEN,1/11/1988,,-32.5628,149.6149,471,471.5,471
63291,94729,YBTH,BATHURST AIRPORT AWS,NSW,OPEN,1/11/1988,,-33.412,149.654,744.5,745,742.2
63292,94743,MTBO,MOUNT BOYCE AWS,NSW,OPEN,1/2/1989,,-33.6185,150.2741,1080,,
63303,95726,YORG,ORANGE AIRPORT AWS,NSW,OPEN,14/3/1996,,-33.3813,149.127,947.4,948.4,949.5
64017,95728,YCBB,COONABARABRAN AIRPORT AWS,NSW,OPEN,27/6/2001,,-31.3304,149.2699,645,645.6,645.3
65068,95717,YPKS,PARKES AIRPORT AWS,NSW,OPEN,25/9/1997,,-33.1281,148.2428,323.3,324,326
65070,95719,YSDU,DUBBO AIRPORT AWS,NSW,OPEN,18/12/1992,,-32.2206,148.5753,284,285,285
65103,94715,YFBS,FORBES AIRPORT AWS,NSW,OPEN,1/12/1995,,-33.3627,147.9205,230.4,231,231.7
65111,95721,YCWR,COWRA AIRPORT AWS,NSW,OPEN,24/6/2004,,-33.8449,148.6497,296.5,297,294.4
66022,94769,FORT,FORT DENISON,NSW,OPEN,1/5/1990,,-33.8551,151.2254,2,,
66023,95757,LUCH,LUCAS HEIGHTS AWS,NSW,OPEN,9/8/2001,,-34.0514,150.98,140,,
66037,94767,YSSY,SYDNEY AIRPORT AMO,NSW,OPEN,1/7/1994,,-33.9465,151.1731,6,5,6.4
66043,95756,KURN,KURNELL AWS,NSW,OPEN,22/2/2000,,-34.0039,151.2111,4,,
66051,94780,LTBY,LITTLE BAY (THE COAST GOLF CLUB),NSW,OPEN,1/6/1998,,-33.9829,151.2502,22,,
66059,94759,YTRY,TERREY HILLS AWS,NSW,OPEN,31/8/2004,,-33.6908,151.2253,199,,
66062,94768,OBSH,SYDNEY (OBSERVATORY HILL),NSW,OPEN,1/4/1990,,-33.8607,151.205,39,40.2,
66100,99766,MLXP,MOLINEUX POINT AWS,NSW,OPEN,20/5/2005,,-33.9819,151.2092,5,,
66137,94765,YSBK,BANKSTOWN AIRPORT AWS,NSW,OPEN,1/7/1992,,-33.9181,150.9864,6.5,7.5,8.8
66194,94766,CBRC,CANTERBURY RACECOURSE AWS,NSW,OPEN,4/10/1995,,-33.9057,151.1134,3,,
66195,,,SYDNEY OLYMPIC PK AWS,NSW,CLOSED,31/8/1995,30/8/2011,-33.8521,151.0646,28,,
66196,95766,SYHB,WEDDING CAKE WEST,NSW,OPEN,28/2/1996,,-33.8405,151.2643,6,,
66197,95768,NTHD,NORTH HEAD,NSW,OPEN,27/8/1997,,-33.8152,151.2986,90,,
66198,,SHKI,SHARK ISLAND,NSW,CLOSED,26/8/1997,21/3/2001,-33.8614,151.2569,3,,
66199,,MDHD,MIDDLE HEAD,NSW,CLOSED,8/9/1997,21/3/2001,-33.8283,151.2636,35,,
66200,,CLKI,CLARKE ISLAND,NSW,CLOSED,26/8/1997,21/3/2001,-33.8642,151.2394,2,,
66201,,STHD,SOUTH HEAD,NSW,CLOSED,26/8/1997,21/3/2001,-33.8361,151.28,25,,
66202,,CNPT,CANNAE POINT,NSW,CLOSED,28/8/1997,21/3/2001,-33.8153,151.2842,20,,
66203,,BOMB,BOMBORA,NSW,CLOSED,1/9/1997,1/11/2000,-33.8167,151.2722,2,,
66208,95752,WTMA,WATTAMOLLA AWS,NSW,OPEN,16/5/2007,,-34.1407,151.1185,44,,
66212,95765,HOM,SYDNEY OLYMPIC PARK AWS (ARCHERY CENTRE),NSW,OPEN,31/8/2011,,-33.8338,151.0718,4,,
67105,95753,YSRI,RICHMOND RAAF,NSW,OPEN,21/10/1993,,-33.6004,150.7761,19,20,20.7
67108,94752,YSBC,BADGERYS CREEK AWS,NSW,OPEN,23/10/1995,,-33.8969,150.7281,81.2,82,
67113,94763,PENR,PENRITH LAKES AWS,NSW,OPEN,31/8/1995,,-33.7195,150.6783,24.7,,
67117,94762,HOLS,HOLSWORTHY CONTROL RANGE,NSW,OPEN,30/4/1998,,-33.9795,150.9254,40,,
67119,94760,HPEC,HORSLEY PARK EQUESTRIAN CENTRE AWS,NSW,OPEN,8/9/1997,,-33.8511,150.8567,100,,
68072,94750,YSNW,NOWRA RAN AIR STATION AWS,NSW,OPEN,9/11/2000,,-34.9469,150.5353,109,105,122
68076,,,NOWRA RAN AIR STATION,NSW,CLOSED,1/1/1996,28/11/2000,-34.9449,150.545,109,110,121.9
68151,95940,PERP,POINT PERPENDICULAR AWS,NSW,OPEN,3/5/2001,,-35.0936,150.8049,85,84.1,
68180,,,PORT KEMBLA ABSLMA COMPARISION,SA,OPEN,23/3/2009,,-34.4734,150.9108,0,1.3,
68192,94755,YSCN,CAMDEN AIRPORT AWS,NSW,OPEN,12/6/1997,,-34.0391,150.689,73.9,74.6,70.1
68228,94749,BELL,BELLAMBI AWS,NSW,OPEN,28/4/1997,,-34.3691,150.9291,10,,
68239,94746,MSV,MOSS VALE AWS,NSW,OPEN,22/2/2001,,-34.5253,150.4217,678.4,679,
68241,95748,YWOL,WOLLONGONG AIRPORT,NSW,OPEN,3/6/1999,,-34.5638,150.79,8,8.5,9.5
68242,95749,KIAM,KIAMA (BOMBO HEADLAND),NSW,OPEN,13/12/2001,,-34.6532,150.8609,15.5,,
68253,95745,PK,PORT KEMBLA NTC AWS,SA,OPEN,5/12/1990,,-34.4734,150.9118,0,1.3,
68257,94757,CTMA,CAMPBELLTOWN (MOUNT ANNAN),NSW,OPEN,1/11/2006,,-34.0615,150.7735,112,,
69017,94939,YMNI,MONTAGUE ISLAND LIGHTHOUSE,NSW,OPEN,7/4/1998,,-36.2519,150.2275,52,53.8,
69129,,,TWOFOLD BAY WOODCHIP JETTY,NSW,OPEN,10/6/2009,,-37.1003,149.9266,7.806,,
69132,94927,BDDX,BRAIDWOOD RACECOURSE AWS,NSW,OPEN,1/8/1985,,-35.4253,149.7835,665.2,666,
69137,94934,GCPX,GREEN CAPE AWS,NSW,OPEN,16/4/1991,,-37.2622,150.0504,19.4,20,
69138,94938,UDAX,ULLADULLA AWS,NSW,OPEN,1/10/1989,,-35.3635,150.4827,35.7,36.7,
69139,95931,BEGX,BEGA AWS,NSW,OPEN,18/3/1992,,-36.6722,149.8191,41,42,
69147,95929,YMER,MERIMBULA AIRPORT AWS,NSW,OPEN,4/2/1998,,-36.9077,149.8989,1.5,2,2.1
69148,95937,YMRY,MORUYA AIRPORT AWS,NSW,OPEN,29/9/1999,,-35.9004,150.1437,4,4.6,4
70014,,,CANBERRA AIRPORT COMPARISON,NSW,CLOSED,13/12/1995,28/2/2010,-35.3049,149.2014,578.4,580,575.5
70217,94921,YCOM,COOMA AIRPORT AWS,NSW,OPEN,12/6/1990,,-36.2939,148.9725,930,931,946.7
70328,94929,BBAX,BOMBALA AWS,NSW,OPEN,1/2/1989,,-37.0016,149.2336,760.5,761.5,
70330,95716,YGLB,GOULBURN AIRPORT AWS,NSW,OPEN,1/11/1988,,-34.8085,149.7312,640,640.8,652.6
70339,94925,TUGG,TUGGERANONG (ISABELLA PLAINS) AWS,NSW,OPEN,1/5/1996,,-35.4184,149.0937,586.7,587.5,
70349,95925,GINI,MOUNT GININI AWS,NSW,OPEN,9/6/2004,,-35.5293,148.7721,1760,,
70351,94926,YSCB,CANBERRA AIRPORT,NSW,OPEN,9/9/2008,,-35.3088,149.2003,577.05,577.6,575.5
71032,95909,THDB,THREDBO AWS,NSW,OPEN,20/4/1997,,-36.4917,148.2859,1957,1367.9,
71075,94915,PSHV,PERISHER VALLEY AWS,NSW,OPEN,20/5/2010,,-36.4069,148.4055,1738,,
72150,94910,YSWG,WAGGA WAGGA AMO,NSW,OPEN,21/10/1994,,-35.1583,147.4575,212,213,220.7
72160,95896,YMAY,ALBURY AIRPORT AWS,NSW,OPEN,1/4/1993,,-36.069,146.9509,163.5,164.5,165
72161,95916,CBMR,CABRAMURRA SMHEA AWS,NSW,OPEN,10/12/1996,,-35.9371,148.3779,1482.4,,
72162,94919,KHAN,KHANCOBAN AWS,NSW,OPEN,18/12/1996,,-36.2304,148.1405,339.3,340,
73138,94712,YYNG,YOUNG AIRPORT,NSW,OPEN,1/11/1988,,-34.2493,148.2475,379.6,380.6,382.5
73151,95722,YTEM,TEMORA AIRPORT,NSW,OPEN,19/1/2005,,-34.4292,147.5111,280.5,281,280.7
74023,,,FINLEY AIRPORT AWS,NSW,CLOSED,1/5/1999,1/10/2003,-35.6613,145.561,108,,
74037,95705,YNC,YANCO AGRICULTURAL INSTITUTE,NSW,OPEN,5/8/1999,,-34.6222,146.4326,164,164.7,
74148,95706,YNAR,NARRANDERA AIRPORT,NSW,OPEN,2/3/2007,,-34.705,146.514,145,145.5,144.2
74253,,,FINLEY (CSIRO),NSW,CLOSED,3/5/1989,30/4/1999,-35.7111,145.6236,110,,
74258,95869,YDLQ,DENILIQUIN AIRPORT AWS,NSW,OPEN,23/5/1997,,-35.5575,144.9458,94,94.7,96.3
75019,94702,YHAY,HAY AIRPORT AWS,NSW,OPEN,7/6/2007,,-34.5412,144.8345,92,92.5,93
75041,95704,YGTH,GRIFFITH AIRPORT AWS,NSW,OPEN,5/4/2000,,-34.2487,146.0695,134,135,133.8
75041,95704,YGTH,GRIFFITH AIRPORT AWS,NSW,OPEN,17/4/2008,,-34.2487,146.0695,134,135,133.8
75174,,GTHX,GRIFFITH CSIRO,NSW,CLOSED,4/8/1989,1/10/2003,-34.3229,146.0684,125,,
75175,,HAYX,HAY CSIRO AWS,NSW,CLOSED,3/5/1989,4/9/2007,-34.5471,144.867,90,,
76031,94693,YMIA,MILDURA AIRPORT,VIC,OPEN,1/10/1989,,-34.2358,142.0867,50,52.8,50.6
76064,95831,WALP,WALPEUP RESEARCH,VIC,OPEN,19/11/1998,,-35.1201,142.004,105,,
77010,94838,YHPN,HOPETOUN AIRPORT,VIC,OPEN,17/6/2004,,-35.7151,142.3569,77.3,77.9,78
77094,94843,YSWH,SWAN HILL AERODROME,VIC,OPEN,16/12/1996,,-35.3766,143.5416,71,71.1,71.3
78015,94827,YNHL,NHILL AERODROME,VIC,OPEN,11/6/2003,,-36.3092,141.6486,138.9,139.5,138.4
79028,95835,YLNG,LONGERENONG,VIC,OPEN,14/2/1997,,-36.6722,142.2991,133,,
79097,95827,KANG,KANAGULK,VIC,OPEN,11/5/2004,,-37.1169,141.8031,188.8,189.4,
79099,95832,YEDE,EDENHOPE AIRPORT,VIC,OPEN,9/3/2005,,-37.0222,141.2657,155,,
79100,95839,YHSM,HORSHAM AERODROME,VIC,OPEN,16/10/1997,,-36.6697,142.1731,133.8,134.4,135.6
79101,94835,BENN,BEN NEVIS,VIC,OPEN,18/12/2007,,-37.2281,143.2006,875,,
79103,94833,MTWI,MOUNT WILLIAM,VIC,OPEN,13/12/2005,,-37.295,142.6039,1150,,
79105,94836,YSWL,STAWELL AERODROME,VIC,OPEN,12/2/1996,,-37.072,142.7402,235.364,235.7,246
80091,95833,KYAB,KYABRAM,VIC,OPEN,16/12/1998,,-36.335,145.0638,105,,
80128,94839,YCHL,CHARLTON,VIC,OPEN,14/7/2004,,-36.2847,143.3341,131.7,132.2,
81049,95836,TATU,TATURA INST SUSTAINABLE AG,VIC,OPEN,15/10/1998,,-36.4378,145.2672,114,,
81123,94855,YBDG,BENDIGO AIRPORT,VIC,OPEN,20/5/1993,,-36.7395,144.3266,208,208.6,214.9
81124,94862,YYWG,YARRAWONGA,VIC,OPEN,11/7/2002,,-36.0294,146.0306,128.9,129.2,128.9
81125,94875,YSHT,SHEPPARTON AIRPORT,VIC,OPEN,23/5/1996,,-36.4289,145.3947,113.9,114.5,114
82039,95837,RGLN,RUTHERGLEN RESEARCH,VIC,OPEN,29/1/1998,,-36.1047,146.5094,175,,
82138,94889,YWGT,WANGARATTA AERO,VIC,OPEN,8/9/1995,,-36.4206,146.3056,152.6,153.2,153.6
82139,94878,HUHI,HUNTERS HILL,VIC,OPEN,1/4/1993,,-36.2136,147.5394,981,,
83007,,MTBX,MOUNT BULLER COMPARISON,VIC,CLOSED,30/7/1999,1/3/2001,-37.1467,146.4367,1707,,
83024,94894,YBXU,MOUNT BULLER,VIC,OPEN,17/5/1991,,-37.145,146.4394,1707,,
83055,94905,YHOT,MOUNT HOTHAM AIRPORT,VIC,OPEN,18/5/2000,,-37.0491,147.3347,1295.4,1292.6,1298.4
83084,94903,YFLK,FALLS CREEK,VIC,OPEN,10/9/1990,,-36.8708,147.2755,1765,1770.8,
83085,94906,HOTH,MOUNT HOTHAM,VIC,OPEN,1/8/1990,,-36.9767,147.1342,1849,,
83090,94908,OMEO,OMEO,VIC,OPEN,12/8/2004,,-37.1017,147.6008,689.8,690.4,
84016,94933,YGBO,GABO ISLAND LIGHTHOUSE,VIC,OPEN,22/8/2000,,-37.5679,149.9158,15.2,15,
84084,94935,YMCO,MALLACOOTA,VIC,OPEN,16/12/1992,,-37.5976,149.7289,22,22.5,31.1
84142,94913,GELA,GELANTIPY,VIC,OPEN,1/5/1992,,-37.22,148.2625,755,756,
84143,94914,COMI,COMBIENBAR AWS,VIC,OPEN,24/6/1994,,-37.3417,149.0228,640,641,
84144,94930,MTNW,MOUNT NOWA NOWA,VIC,OPEN,6/10/1995,,-37.6924,148.0908,350,,
84145,95918,ORBT,ORBOST,VIC,OPEN,23/11/2000,,-37.6922,148.4667,62.65,63.3,
85072,94907,YMES,EAST SALE AIRPORT,VIC,OPEN,11/6/1996,,-38.1156,147.1322,4.6,8.2,7
85096,94893,YWLP,WILSONS PROMONTORY LIGHTHOUSE,VIC,OPEN,18/9/2000,,-39.1297,146.4244,95,97.2,
85099,94886,PDCK,POUND CREEK,VIC,OPEN,16/4/2007,,-38.6297,145.8107,3,3.6,
85151,95890,YYRM,YARRAM AIRPORT,VIC,OPEN,18/10/2007,,-38.5647,146.7479,17.9,18.5,18.3
85262,,,KINGFISH B SHIP LOG 272,VIC,CLOSED,1/1/1972,,-38.5997,148.1889,31.4,32,
85279,94912,YBNS,BAIRNSDALE AIRPORT,VIC,OPEN,5/10/2000,,-37.8817,147.5669,49.4,49.8,50.3
85280,94891,YLTV,LATROBE VALLEY AIRPORT,VIC,OPEN,26/2/1997,,-38.2094,146.4747,55.7,56.3,54.9
85291,95901,BAWX,MOUNT BAW BAW,VIC,OPEN,16/9/1991,,-37.8383,146.2747,1561,,
85296,95913,MTMO,MOUNT MOORNAPA,VIC,OPEN,15/12/1993,,-37.7481,147.1428,480,,
86030,99873,TRNY,GLENLITTA AVE SOUTH,HO,OPEN,17/10/2000,,-37.6911,144.9481,108,110,132
86038,95866,YMEN,ESSENDON AIRPORT,VIC,OPEN,29/1/2003,,-37.7276,144.9066,78.4,78.8,86
86068,95874,VBK,VIEWBANK,VIC,OPEN,27/10/1999,,-37.7408,145.0972,66.1,66.4,
86071,94868,MELB,MELBOURNE REGIONAL OFFICE,VIC,OPEN,1/8/1986,,-37.8075,144.97,31.15,32.2,
86077,94870,YMMB,MOORABBIN AIRPORT,VIC,OPEN,1/9/1989,,-37.98,145.0964,12.1,12.7,13.4
86104,95867,SCOR,SCORESBY RESEARCH INSTITUTE,VIC,OPEN,22/7/1996,,-37.871,145.2561,80,,
86220,95864,STKI,ST KILDA HARBOUR - RMYS,VIC,OPEN,28/2/2006,,-37.8642,144.9639,6.4,,
86266,94872,FERN,FERNY CREEK,VIC,OPEN,15/2/2011,,-37.8748,145.3496,512.9,513.4,
86282,94866,YMML,MELBOURNE AIRPORT,VIC,OPEN,1/8/1995,,-37.6655,144.8321,113.4,118.8,132.3
86282,94866,YMML,MELBOURNE AIRPORT,VIC,OPEN,6/3/1997,,-37.6655,144.8321,113.4,118.8,132.3
86320,94869,CEM,COLDSTREAM COMPARISON,VIC,OPEN,22/12/2008,,-37.7239,145.4092,83,83.9,76.2
86344,94853,SCIS,SOUTH CHANNEL ISLAND,VIC,OPEN,1/5/1976,,-38.3065,144.8016,9,,
86352,99871,TRNX,GLENLITTA AVE NORTH EAST,HO,OPEN,24/4/1997,,-37.6897,144.9478,109,110,132
86361,94898,CERB,CERBERUS,VIC,OPEN,20/8/1986,,-38.3646,145.1785,12.69,13.7,
86371,94871,FRAN,FRANKSTON AWS,VIC,OPEN,26/7/1990,,-38.1481,145.1156,6,,
86372,,DUNN,DUNNS HILL,VIC,CLOSED,30/11/1990,4/8/2011,-37.8775,145.3364,561,,
86373,94892,RHYL,RHYLL,VIC,OPEN,29/6/1990,,-38.4612,145.3101,13.4,14,
86376,95872,FAWK,FAWKNER BEACON,VIC,OPEN,1/7/1987,,-37.95,144.9258,17,,
86381,,MEHC,MELBOURNE HARBOUR CONTROL,VIC,CLOSED,14/11/1991,14/11/1999,-37.8208,144.9325,39.6,,
86383,94864,YCEM,COLDSTREAM,VIC,OPEN,20/10/1994,,-37.7239,145.4092,83,83.9,76.2
86384,,,MELBOURNE AIRPORT COMPARISON,VIC,CLOSED,18/8/1999,19/9/2001,-37.675,144.8419,,,
86392,99872,TRNZ,GLENLITTA AVE SOUTH WEST,HO,OPEN,4/8/1999,,-37.6906,144.9469,106,110,132
86395,,MLW1,MELBOURNE AIRPORT (NORTH ANEMOMETER),VIC,OPEN,30/7/1997,,-37.6578,144.8333,127,,132.3
86396,,MLW3,MELBOURNE AIRPORT (SOUTH ANEMOMETER),VIC,OPEN,30/7/1997,,-37.6832,144.8383,99,,132.3
86397,,MLW2,MELBOURNE AIRPORT (EAST ANEMOMETER),VIC,OPEN,30/7/1997,,-37.6602,144.8443,122,,132.3
86398,,MLW4,MELBOURNE AIRPORT (WEST ANEMOMETER),VIC,OPEN,30/7/1997,,-37.6624,144.8192,117,,132.6
87031,94865,YLVT,LAVERTON RAAF,VIC,OPEN,22/2/1997,,-37.8565,144.7566,20.1,20.4,18
87113,94854,YMAV,AVALON AIRPORT,VIC,OPEN,26/7/1994,,-38.0287,144.4783,10.6,10.9,10.7
87163,,,GEELONG AIRPORT,VIC,CLOSED,28/10/1983,9/8/2011,-38.2241,144.3345,33.4,34.6,43
87166,94847,PTWI,POINT WILSON,VIC,OPEN,5/9/1990,,-38.0958,144.5361,18,,
87168,94863,SHEO,SHEOAKS,VIC,OPEN,19/6/1990,,-37.9075,144.1303,236.7,237.3,
87184,94857,GEEL,GEELONG RACECOURSE,VIC,OPEN,31/5/2011,,-38.1737,144.3765,12.9,13.4,
88051,94859,RDA,REDESDALE,VIC,OPEN,6/5/1993,,-37.0194,144.5203,290,,
88068,,,RUBICON SEC,VIC,CLOSED,1/1/1992,30/6/1993,-37.3389,145.8547,838.2,,
88109,94874,YMNG,MANGALORE AIRPORT,VIC,OPEN,23/6/1991,,-36.8886,145.1859,140.8,141.4,142.3
88162,94860,KMG,KILMORE GAP,VIC,OPEN,20/12/1993,,-37.3807,144.9654,527.8,528.4,
88164,94881,EILD,EILDON FIRE TOWER,VIC,OPEN,30/11/1995,,-37.2091,145.8423,637,,
89002,94852,YBLT,BALLARAT AERODROME,VIC,OPEN,1/12/1978,26/6/1985,-37.5127,143.7911,435.2,435.6,436.8
89105,,LOOK,LOOKOUT HILL,VIC,CLOSED,13/12/1991,2/5/2007,-37.2822,143.2469,965,,
89112,95840,WSTM,WESTMERE,VIC,OPEN,8/2/2006,,-37.7067,142.9378,226,226.9,
90015,94842,YCTY,CAPE OTWAY LIGHTHOUSE,VIC,OPEN,15/4/1994,,-38.8556,143.5128,82,83,
90035,95845,MGB,MOUNT GELLIBRAND,VIC,OPEN,5/7/2000,,-38.2333,143.7925,261,262,
90171,94828,YPOD,CASHMORE AIRPORT,VIC,OPEN,26/10/1995,,-38.3148,141.4705,80.9,81.5,80.8
90173,94829,YHML,HAMILTON AIRPORT,VIC,OPEN,27/4/1995,,-37.6486,142.0636,241.1,241.7,244.8
90175,94830,PTFA,PORT FAIRY AWS,VIC,OPEN,26/10/1990,,-38.3906,142.2347,10,10.2,
90176,94840,MORT,MORTLAKE RACECOURSE,VIC,OPEN,11/1/1990,,-38.0737,142.7744,130,131,
90180,94846,AIRE,AIREYS INLET,VIC,OPEN,27/7/1990,,-38.4583,144.0883,95,,
90182,95825,CAST,CASTERTON,VIC,OPEN,21/12/2004,,-37.583,141.3339,130.6,131.2,
90184,94826,CPNE,CAPE NELSON LIGHTHOUSE,VIC,OPEN,7/12/1995,,-38.4306,141.5437,45.4,46.6,
90186,94837,YWBL,WARRNAMBOOL AIRPORT NDB,VIC,OPEN,2/9/1998,,-38.2867,142.4522,70.8,71.4,73.8
90192,95826,PORT,PORTLAND NTC AWS,SA,OPEN,21/5/1991,,-38.3439,141.6136,0,1.3,
90194,95822,DTMR,DARTMOOR,VIC,OPEN,3/3/2009,,-37.9222,141.2614,51,51.5,
91104,,,LAUNCESTON AIRPORT COMPARISON,TAS/ANT,CLOSED,19/5/1992,17/6/2009,-41.5397,147.2033,166,178,171.3
91107,95957,YWYY,WYNYARD AIRPORT,TAS/ANT,OPEN,28/12/1990,,-40.9964,145.7311,12,12,18.9
91126,95960,YDPO,DEVONPORT AIRPORT,TAS/ANT,OPEN,21/12/1990,,-41.1701,146.4289,8,9.5,10
91219,94972,SCOT,SCOTTSDALE (WEST MINSTONE ROAD),TAS/ANT,OPEN,31/7/2002,,-41.1708,147.4883,197.5,198,
91237,94969,LAUN,LAUNCESTON (TI TREE BEND),TAS/ANT,OPEN,11/3/1999,,-41.4194,147.1222,5,,
91245,94954,GRIM,CAPE GRIM BAPS (COMPARISON),TAS/ANT,OPEN,1/8/1985,,-40.6828,144.69,94,92.5,
91259,95956,LNCH,LUNCHEON HILL (FORESTRY),TAS/ANT,OPEN,15/9/1995,,-41.1492,145.1517,344,,
91291,94955,SHEF,SHEFFIELD SCHOOL FARM,TAS/ANT,OPEN,13/12/1996,,-41.3886,146.3219,294.2,294.5,
91292,94953,YSMI,SMITHTON AERODROME,TAS/ANT,OPEN,14/11/1996,,-40.8347,145.0847,7.5,8.9,9.5
91293,95964,LHD,LOW HEAD,TAS/ANT,OPEN,6/11/1997,,-41.0547,146.7874,3,3.5,
91306,95969,CRSY,CRESSY RESEARCH STATION,TAS/ANT,OPEN,25/3/1999,,-41.7256,147.0794,148,,
91311,95966,YMLT,LAUNCESTON AIRPORT,TAS/ANT,OPEN,14/6/2004,,-41.5492,147.2144,166.9,168.4,171.3
91331,95954,CGRM,CAPE GRIM,TAS/ANT,OPEN,16/12/2010,,-40.6764,144.6922,86,87,
91344,95963,BURN,BURNIE NTC AWS,SA,OPEN,17/7/2006,,-41.05,145.9149,0,1.3,
92012,95974,FING,FINGAL (LEGGE STREET),TAS/ANT,OPEN,29/3/2001,,-41.6428,147.9664,237,,
92045,94983,YEDP,EDDYSTONE POINT,TAS/ANT,OPEN,23/7/1994,,-40.9928,148.3467,19.7,20.9,
92100,,STCK,STORYS CREEK (STORYS CREEK ROAD),TAS/ANT,CLOSED,1/5/1992,2/4/1998,-41.635,147.7292,779.2,780.8,
92114,94987,FRB,FRIENDLY BEACHES,TAS/ANT,OPEN,20/2/1997,,-41.9953,148.2794,55,56,
92120,95981,YSTH,ST HELENS AERODROME,TAS/ANT,OPEN,5/1/2001,,-41.3381,148.2792,48,49,47.8
92123,95985,SWIS,SWAN ISLAND,TAS/ANT,OPEN,30/5/2001,,-40.7292,148.125,15,15.4,
92124,95988,MARA,MARIA ISLAND (POINT LESUEUR),TAS/ANT,OPEN,27/5/2004,,-42.6621,148.0179,28,28.2,
92133,95987,SPRI,SPRING BAY NTC AWS,SA,OPEN,20/7/2006,,-42.5464,147.9308,0,1.3,
92142,,,DARLINGTON JETTY,TAS/ANT,OPEN,29/4/2009,,-42.578,148.0625,2.042,,
92143,,,SPRING BAY ABSLMA COMPARISON,SA,OPEN,7/11/2008,,-42.5464,147.93,0,1.3,
94008,94975,YMHB,HOBART AIRPORT,TAS/ANT,OPEN,26/4/1990,,-42.8339,147.5033,4,27.4,4
94029,94970,HBRO,HOBART (ELLERSLIE ROAD),TAS/ANT,OPEN,29/6/1992,,-42.8897,147.3278,50.5,51.4,
94041,94962,YMSY,MAATSUYKER ISLAND LIGHTHOUSE,TAS/ANT,OPEN,1/2/1996,,-43.6578,146.2711,146.5,147.6,
94087,95979,WLI,MOUNT WELLINGTON,TAS/ANT,OPEN,1/12/1989,,-42.8967,147.235,1260.47,,
94155,95986,YTSI,TASMAN ISLAND,TAS/ANT,OPEN,14/12/2001,,-43.2397,148.0025,240,241,
94191,94977,HRTZ,HARTZ MOUNTAIN (KEOGHS PIMPLE),TAS/ANT,OPEN,1/11/1994,,-43.2006,146.7683,831,,
94195,94960,TUNN,TUNNACK FIRE STATION,TAS/ANT,OPEN,12/8/1997,,-42.4543,147.4612,461.5,462,
94198,95967,CBRY,CAPE BRUNY (CAPE BRUNY),TAS/ANT,OPEN,16/5/1997,,-43.4886,147.1444,59.7,60.2,
94212,95972,CAMP,CAMPANIA (KINCORA),TAS/ANT,OPEN,6/4/2000,,-42.6867,147.4258,45,,
94220,95977,GROV,GROVE (RESEARCH STATION),TAS/ANT,OPEN,11/6/2004,,-42.9858,147.0742,65,,
94242,,,BATTERY POINT JETTY,TAS/ANT,OPEN,12/2/2009,,-42.8923,147.338,1.547,2.4,
94243,,,SOUTHPORT JETTY,TAS/ANT,OPEN,22/6/2009,,-43.4333,146.9748,1.671,,
94254,94951,DLY,DUNALLEY (STROUD POINT),TAS/ANT,OPEN,4/11/2011,,-42.9017,147.7894,12.43,12.7,
95003,94964,BUSH,BUSHY PARK (BUSHY PARK ESTATES),TAS/ANT,OPEN,20/7/1998,,-42.7097,146.8983,27,,
95048,94957,OUS,OUSE FIRE STATION,TAS/ANT,OPEN,2/4/1998,,-42.4842,146.7106,90,91.3,
96003,94959,BTGR,BUTLERS GORGE,TAS/ANT,OPEN,20/5/2008,,-42.2753,146.2758,667,,
96033,95959,LIAW,LIAWENEE,TAS/ANT,OPEN,20/12/2000,,-41.8997,146.6694,1057,1056,
96075,,,BARREN TIER,TAS/ANT,CLOSED,17/1/1995,20/3/2001,-42.0197,146.7533,1186,,
97000,94974,CPSO,CAPE SORELL,TAS/ANT,OPEN,19/2/1992,,-42.1986,145.17,19.3,19.5,
97024,95962,WARS,WARRA,TAS/ANT,OPEN,21/9/2004,,-43.0609,146.704,495,,
97072,94956,YSRN,STRAHAN AERODROME,TAS/ANT,OPEN,18/9/1976,,-42.155,145.2908,21,22,20.1
97080,95961,LRP,LOW ROCKY POINT,TAS/ANT,OPEN,16/3/1992,,-42.9831,145.5025,34,34.5,
97083,95958,SCPK,SCOTTS PEAK DAM,TAS/ANT,OPEN,15/10/1998,,-43.0425,146.2722,408,,
97085,95952,MTRD,MOUNT READ,TAS/ANT,OPEN,10/9/1996,,-41.8444,145.5417,1119.5,1120,
98017,94850,YKII,KING ISLAND AIRPORT,TAS/ANT,OPEN,10/7/1994,,-39.8801,143.8829,37,38,40.2
99005,94980,YFLI,FLINDERS ISLAND AIRPORT,TAS/ANT,OPEN,1/5/1993,,-40.0911,148.0024,9,9.5,10.4
109504,95648,ESPE,ESPERANCE NTC AWS,SA,OPEN,12/3/1992,,-33.8707,121.8971,0,1.2,
200001,94372,MPI,MIDDLE PERCY ISLAND,QLD,OPEN,27/6/2004,,-21.6628,150.2711,208.7,209.4,
200100,95303,VRIS,VARANUS ISLAND,WA,OPEN,3/3/1999,,-20.6564,115.5758,24,24.5,
200212,95100,YNEN,NORTHERN ENDEAVOUR,NT,OPEN,1/10/1999,,-10.6134,125.9843,,37,
200283,94299,YWLD,WILLIS ISLAND,QLD,OPEN,29/9/1991,,-16.2878,149.9652,8.07,9,
200284,96996,YPCC,COCOS ISLAND AIRPORT,WA,OPEN,15/7/1993,,-12.1892,96.8344,3,4,3
200288,94996,YSNF,NORFOLK ISLAND AERO,NSW,OPEN,23/1/1997,,-29.0389,167.9408,111.73,116.7,113
200299,91611,KIR,KIRIBATI NTC AWS,SA,OPEN,19/5/2006,,1.3625,172.93,0,1.3,
200601,94394,CATO,CATO ISLAND,QLD,OPEN,1/12/1988,,-23.2503,155.542,6.3,7.3,
200701,94393,FRRF,FREDERICK REEF,QLD,OPEN,10/12/1988,,-20.9375,154.4019,4.9,12.8,
200704,94298,MARI,MARION REEF,QLD,OPEN,1/12/1988,,-19.0964,152.3892,2,7.6,
200713,94207,ROWL,ROWLEY SHOALS,WA,OPEN,1/11/1989,,-17.5217,118.9531,0,7.6,
200715,95995,LHWP,LORD HOWE ISLAND WINDY POINT,NSW,OPEN,28/3/1996,,-31.5381,159.0733,4,,
200727,94296,LIHO,LIHOU REEF,QLD,OPEN,1/12/1988,,-17.1166,152.004,3,8.8,
200728,,,SCOTT REEF,WA,CLOSED,1/11/1989,18/10/1995,-14.0475,121.76,3,3,
200731,94122,FAW,POINT FAWCETT,NT,OPEN,1/12/1989,,-11.7628,130.03,6.5,7.5,
200732,94289,HOLM,HOLMES REEF,QLD,OPEN,1/12/1988,,-16.4683,147.8734,1.9,6.3,
200735,94210,ADL,ADELE ISLAND,WA,OPEN,1/11/1989,,-15.5114,123.1556,4.6,5.5,
200736,94371,CRL,CREAL REEF,QLD,OPEN,1/12/1988,,-20.5303,150.3773,1.7,6.3,
200782,94151,NEIS,NORTH EAST ISLAND,NT,OPEN,6/9/1973,,-13.6449,136.9445,17.4,18.3,
200783,94290,FLRF,FLINDERS REEF,QLD,OPEN,1/12/1988,,-17.7195,148.4478,2.6,6.5,
200784,94103,YBWS,BROWSE ISLAND,WA,OPEN,1/11/1989,,-14.1089,123.5472,3.7,4.6,
200786,94147,YCWE,CAPE WESSEL,NT,OPEN,1/12/1971,,-11.0045,136.7588,18,19.2,
200790,96995,YPXM,CHRISTMAS ISLAND AERO,WA,OPEN,18/5/1994,,-10.4528,105.6875,261,262,279
200814,91756,SAM,SAMOA NTC AWS,SA,OPEN,26/2/1993,,-13.8267,-171.7611,0,1.3,
200831,94379,GANN,GANNET CAY,QLD,OPEN,1/12/1988,,-21.9769,152.4707,2.3,8.4,
200832,91375,MAR,MARSHALL ISLANDS NTC AWS,SA,OPEN,7/5/1993,,7.106,171.3725,0,1.3,
200838,94949,YHGI,HOGAN ISLAND,VIC,OPEN,9/5/2003,,-39.2225,146.9841,116,117,
200839,94995,YLHI,LORD HOWE ISLAND AERO,NSW,OPEN,18/11/1988,,-31.5421,159.0786,5,7,5.2
200840,95288,BOUG,BOUGAINVILLE REEF,QLD,OPEN,1/11/1992,,-15.4877,147.1183,0,13,
200844,,HRF,HOOK REEF,QLD,CLOSED,18/1/1994,27/10/1998,-19.7356,149.1689,2.6,2.6,
200850,,,COCOS ISLAND MILOS AWS COMPARISON,WA,CLOSED,1/12/1997,29/5/2001,-12.1903,96.8333,3,4,3
200851,91532,ANAU,NAURU ARCS-2,NT,OPEN,10/10/2002,,-0.5215,166.916,7,8.5,
200852,92044,AYMO,MANUS ARCS-1,NT,OPEN,5/11/2002,,-2.0578,147.4253,4,5.5,
200855,91844,COO,COOK ISLANDS NTC AWS,SA,OPEN,19/2/1993,,-21.2048,-159.7853,0,1.3,
200856,91679,FIJ,LAUTOKA NTC AWS,SA,OPEN,24/10/1992,,-17.6053,177.4381,0,1.4,
200857,91559,VAN,VANUATU NTC AWS,SA,OPEN,28/2/2006,,-17.7569,168.3002,0,1.3,
200858,91531,NAU,NAURU NTC AWS,SA,OPEN,9/7/1993,,-0.5319,166.9092,0,1.3,
200859,91519,SOL,SOLOMON IS. NTC AWS,SA,OPEN,1/3/2006,,-9.4289,159.9555,0,1.3,
200860,91642,TUV,TUVALU NTC AWS,SA,OPEN,23/3/1993,,-8.5025,179.1949,0,1.3,
200861,91789,TON,TONGA NTC AWS,SA,OPEN,21/1/1993,,-21.138,-175.1815,0,,
200862,92036,PNG,PNG NTC AWS,SA,OPEN,1/3/2006,,-2.042,147.3737,0,1.3,
200863,91689,SUV,SUVA NTC AWS,SA,OPEN,10/11/1997,,-18.1325,178.4275,0,1.6,
200864,91349,FSM,FSM NTC AWS,SA,OPEN,19/12/2001,,6.9806,158.2001,0,1.3,
200865,96997,COCO,COCOS ISLAND NTC AWS,SA,OPEN,9/4/1992,,-12.1168,96.8919,0,1.4,
200866,93713,NZL,JACKSON BAY NTC AWS,SA,OPEN,17/9/2002,,-43.9733,168.616,0,1.3,
200867,99045,YBYU,BAYU UNDAN,WA,OPEN,20/9/2004,,-11.0683,126.6139,32.5,32.5,
200869,,ISLW,WILLIS ISLAND COMPARISON,QLD,CLOSED,15/9/2004,20/10/2006,-16.2878,149.965,8.07,8.5,
200870,,XITT,CHRISTMAS ISLAND TSUNAMI,WA,OPEN,21/12/2006,,-10.4294,105.6694,5,1,
200871,,,LUGANVILLE MAIN WHARF,SA,OPEN,17/12/2007,,-15.5156,167.1886,1.907,,
200872,97390,WPDL,COMORO AIRPORT,NT,OPEN,19/4/2002,,-8.5494,125.5331,8.4,9.9,
200873,,,AVATIU RAROTONGA HARBOUR WHARF,SA,OPEN,19/11/2008,,-21.2048,-159.7853,,,
200874,,,APIA WHARF,SA,CLOSED,12/1/2009,,-13.8267,-171.7611,2.977,,
200875,,,NUKU'ALOFA HARBOUR WHARF,SA,CLOSED,25/1/2009,,-21.138,-175.1815,4.84,,
200876,,,POHNPEI MAIN WHARF,SA,OPEN,8/7/2009,,6.9806,158.2001,,,
200878,,,PORT HEDLAND PYLON C3,WA,OPEN,1/5/2009,,-20.04,118.42,,,
200879,94284,YALF,ARLINGTON REEF,QLD,OPEN,29/4/2010,,-16.7226,146.1124,0,8.5,
200880,,,LIHOU REEF,QLD,OPEN,29/10/2009,,-17.133,152.145,,,
200881,,,TAREKUKURE WHARF - CHOISEUL PROVINCE,SA,OPEN,11/5/2009,,-6.6929,156.4087,,,
200882,,,LATA WHARF - TEMOTU PROVINCE,SA,OPEN,11/5/2009,,-10.7209,165.802,,,
200883,,,KINGSTON JETTY,NSW,OPEN,17/8/2009,,-29.0581,167.9536,,,
200970,,,FLYING FISH COVE JETTY,WA,OPEN,29/7/2009,,-10.4294,105.6694,,,
300000,89571,DAVI,DAVIS,TAS/ANT,OPEN,1/2/1994,,-68.5744,77.9672,18,23.2,
300001,89564,MAWS,MAWSON,TAS/ANT,OPEN,15/1/1994,,-67.6017,62.8753,9.9,16,
300004,94998,MACQ,MACQUARIE ISLAND,TAS/ANT,OPEN,24/3/1992,,-54.4994,158.9369,6,8.3,6
300005,95997,,HEARD ISLAND (ATLAS COVE),TAS/ANT,OPEN,21/3/1980,,-53.019,73.3918,3,3.5,
300012,89815,,HAUPT NUNATAK,TAS/ANT,OPEN,31/3/2003,,-66.5819,110.6939,63,63,
300017,89611,CASE,CASEY,TAS/ANT,OPEN,20/2/1994,,-66.2825,110.5231,40,42.3,
300019,,,GC41,TAS/ANT,CLOSED,3/6/1994,3/6/2010,-71.6028,111.2628,2761,2761,
300020,,,GC 46,TAS/ANT,CLOSED,3/6/1994,2/5/2001,-74.1375,109.8397,3096,3096,
300021,,,GF 08,TAS/ANT,CLOSED,25/1/2000,3/6/2010,-68.4933,102.1756,2123,2123,
300022,89811,,LAW DOME SUMMIT,TAS/ANT,OPEN,15/2/1990,,-66.7296,112.8348,1366,1368,1366
300023,,,AO 28,TAS/ANT,CLOSED,1/6/1994,30/7/2005,-68.4078,112.2175,1622,1622,
300024,,,LGB 00,TAS/ANT,CLOSED,11/7/1994,3/6/2010,-68.6553,61.1128,1830,1830,
300025,,,LGB 10,TAS/ANT,CLOSED,1/6/1994,3/6/2010,-71.2875,59.2103,2617,2620,
300027,,,LGB 20,TAS/ANT,CLOSED,1/6/1994,17/3/2006,-73.8328,55.6717,2741,2741,
300028,94997,,HEARD ISLAND (THE SPIT),TAS/ANT,OPEN,12/3/1993,,-53.1082,73.7225,12,12.5,
300030,,,LGB 35,TAS/ANT,CLOSED,2/1/1996,3/6/2010,-76.0439,65.0169,2343,2342,
300031,,,LGB 59,TAS/ANT,CLOSED,15/11/1994,17/3/2006,-73.45,76.7833,2537,2537,
300033,89807,,SNYDER ROCKS,TAS/ANT,OPEN,23/11/1994,,-66.55,107.75,40,42,
300034,,,LAW DOME DRILL SITE,TAS/ANT,CLOSED,1/2/1995,1/1/1997,-66.7169,112.9333,1375,,
300035,,,LAW DOME SUMMIT TRIAL,TAS/ANT,CLOSED,1/4/1997,25/2/1998,-66.7306,112.7444,1366,,
300036,,,LAW DOME SUMMIT SOUTH,TAS/ANT,CLOSED,19/12/1997,25/1/2005,-66.7692,112.8106,1376,1376,
300037,,YCAY,CASEY SKIWAY,TAS/ANT,CLOSED,18/10/1998,3/6/2010,-66.2755,110.7978,390,390,
300038,89586,,MOUNT BROWN,TAS/ANT,OPEN,20/12/1998,,-69.1313,85.9992,2078,2078,
300039,89767,,G3,TAS/ANT,OPEN,12/2/1999,,-70.8919,69.8725,84,84,
300040,,,STILLWELL ISLANDS,TAS/ANT,CLOSED,5/8/1999,21/10/2000,-66.9583,143.94,52,52,
300041,,,BUNGER HILLS AIRFIELD,TAS/ANT,CLOSED,20/1/2000,31/1/2002,-66.3444,100.8139,150,150,150
300042,,,RUMDOODLE AIRFIELD,TAS/ANT,CLOSED,31/1/2000,30/1/2002,-67.715,62.805,430,430,430
300043,,,RAUER PLATEAU AIRFIELD,TAS/ANT,CLOSED,8/3/2000,18/1/2002,-68.8558,78.0392,363,363,363
300044,,,PETERSON AIRFIELD,TAS/ANT,CLOSED,17/3/2002,18/1/2003,-66.5972,111.1914,500,,
300045,,,HALFWAY,TAS/ANT,CLOSED,27/3/2002,4/2/2004,-66.6603,112.0119,1074,1074,
300046,89610,,CAPE POINSETT,TAS/ANT,OPEN,21/4/2002,,-65.8449,113.0667,90,90,
300047,,,LGB 69,TAS/ANT,CLOSED,19/6/2002,3/6/2010,-70.8353,77.0747,1850,1850,
300048,89614,,WILKINS RUNWAY WEST,TAS/ANT,OPEN,19/1/2003,,-66.6931,111.5039,727,,
300049,,,LAW DOME EAST,TAS/ANT,CLOSED,8/9/2004,24/8/2006,-66.7333,114.5,923,,
300050,89615,YWKS,WILKINS RUNWAY EAST,TAS/ANT,OPEN,12/1/2007,,-66.6831,111.5317,753,754.7,
300051,89577,,DOME A,TAS/ANT,OPEN,17/2/2005,,-80.3675,77.3739,4084,,
300052,89578,,EAGLE,TAS/ANT,OPEN,19/2/2005,,-76.4175,77.0297,2824,,
300053,,,AM 01,TAS/ANT,CLOSED,16/3/2006,30/7/2010,-69.4419,71.4172,65,,
300054,,,AM 02,TAS/ANT,CLOSED,16/3/2006,30/7/2010,-69.7133,72.64,47,,
300055,89570,WPWP,DAVIS (WHOOP WHOOP),TAS/ANT,OPEN,7/2/2007,,-68.4845,78.8169,545,546.5,543
300060,89809,YCSK,CASEY SKIWAY SOUTH,TAS/ANT,OPEN,25/1/2008,,-66.2861,110.7633,392,398.5,
